  0
SECTION
  2
HEADER
  9
$ACADVER
  1
AC1027
  9
$ACADMAINTVER
 70
   105
  9
$DWGCODEPAGE
  3
ANSI_1252
  9
$LASTSAVEDBY
  1
hm
  9
$REQUIREDVERSIONS
160
                 0
  9
$INSBASE
 10
0.0
 20
0.0
 30
0.0
  9
$EXTMIN
 10
-550.0
 20
-1021.0
 30
0.0
  9
$EXTMAX
 10
353.643
 20
1021.0
 30
0.0
  9
$LIMMIN
 10
0.0
 20
0.0
  9
$LIMMAX
 10
12.0
 20
9.0
  9
$ORTHOMODE
 70
     0
  9
$REGENMODE
 70
     1
  9
$FILLMODE
 70
     1
  9
$QTEXTMODE
 70
     0
  9
$MIRRTEXT
 70
     0
  9
$LTSCALE
 40
1.0
  9
$ATTMODE
 70
     1
  9
$TEXTSIZE
 40
0.2
  9
$TRACEWID
 40
0.05
  9
$TEXTSTYLE
  7
Standard
  9
$CLAYER
  8
0
  9
$CELTYPE
  6
Continuous
  9
$CECOLOR
 62
   256
  9
$CELTSCALE
 40
1.0
  9
$DISPSILH
 70
     0
  9
$DIMSCALE
 40
1.0
  9
$DIMASZ
 40
0.18
  9
$DIMEXO
 40
0.0625
  9
$DIMDLI
 40
0.38
  9
$DIMRND
 40
0.0
  9
$DIMDLE
 40
0.0
  9
$DIMEXE
 40
0.18
  9
$DIMTP
 40
0.0
  9
$DIMTM
 40
0.0
  9
$DIMTXT
 40
0.18
  9
$DIMCEN
 40
0.09
  9
$DIMTSZ
 40
0.0
  9
$DIMTOL
 70
     0
  9
$DIMLIM
 70
     0
  9
$DIMTIH
 70
     1
  9
$DIMTOH
 70
     1
  9
$DIMSE1
 70
     0
  9
$DIMSE2
 70
     0
  9
$DIMTAD
 70
     0
  9
$DIMZIN
 70
     0
  9
$DIMBLK
  1

  9
$DIMASO
 70
     1
  9
$DIMSHO
 70
     1
  9
$DIMPOST
  1

  9
$DIMAPOST
  1

  9
$DIMALT
 70
     0
  9
$DIMALTD
 70
     2
  9
$DIMALTF
 40
25.4
  9
$DIMLFAC
 40
1.0
  9
$DIMTOFL
 70
     0
  9
$DIMTVP
 40
0.0
  9
$DIMTIX
 70
     0
  9
$DIMSOXD
 70
     0
  9
$DIMSAH
 70
     0
  9
$DIMBLK1
  1

  9
$DIMBLK2
  1

  9
$DIMSTYLE
  2
Standard
  9
$DIMCLRD
 70
     0
  9
$DIMCLRE
 70
     0
  9
$DIMCLRT
 70
     0
  9
$DIMTFAC
 40
1.0
  9
$DIMGAP
 40
0.09
  9
$DIMJUST
 70
     0
  9
$DIMSD1
 70
     0
  9
$DIMSD2
 70
     0
  9
$DIMTOLJ
 70
     1
  9
$DIMTZIN
 70
     0
  9
$DIMALTZ
 70
     0
  9
$DIMALTTZ
 70
     0
  9
$DIMUPT
 70
     0
  9
$DIMDEC
 70
     4
  9
$DIMTDEC
 70
     4
  9
$DIMALTU
 70
     2
  9
$DIMALTTD
 70
     2
  9
$DIMTXSTY
  7
Standard
  9
$DIMAUNIT
 70
     0
  9
$DIMADEC
 70
     0
  9
$DIMALTRND
 40
0.0
  9
$DIMAZIN
 70
     0
  9
$DIMDSEP
 70
    46
  9
$DIMATFIT
 70
     3
  9
$DIMFRAC
 70
     0
  9
$DIMLDRBLK
  1

  9
$DIMLUNIT
 70
     2
  9
$DIMLWD
 70
    -2
  9
$DIMLWE
 70
    -2
  9
$DIMTMOVE
 70
     0
  9
$DIMFXL
 40
1.0
  9
$DIMFXLON
 70
     0
  9
$DIMJOGANG
 40
0.7853981633974483
  9
$DIMTFILL
 70
     0
  9
$DIMTFILLCLR
 70
     0
  9
$DIMARCSYM
 70
     0
  9
$DIMLTYPE
  6

  9
$DIMLTEX1
  6

  9
$DIMLTEX2
  6

  9
$DIMTXTDIRECTION
 70
     0
  9
$LUNITS
 70
     2
  9
$LUPREC
 70
     4
  9
$SKETCHINC
 40
0.1
  9
$FILLETRAD
 40
0.0
  9
$AUNITS
 70
     0
  9
$AUPREC
 70
     0
  9
$MENU
  1
.
  9
$ELEVATION
 40
0.0
  9
$PELEVATION
 40
0.0
  9
$THICKNESS
 40
0.0
  9
$LIMCHECK
 70
     0
  9
$CHAMFERA
 40
0.0
  9
$CHAMFERB
 40
0.0
  9
$CHAMFERC
 40
0.0
  9
$CHAMFERD
 40
0.0
  9
$SKPOLY
 70
     0
  9
$TDCREATE
 40
2461068.509212963
  9
$TDUCREATE
 40
2461068.280046297
  9
$TDUPDATE
 40
2461301.586091065
  9
$TDUUPDATE
 40
2461301.356924399
  9
$TDINDWG
 40
0.0128935185
  9
$TDUSRTIMER
 40
0.0128935185
  9
$USRTIMER
 70
     1
  9
$ANGBASE
 50
0.0
  9
$ANGDIR
 70
     0
  9
$PDMODE
 70
     0
  9
$PDSIZE
 40
0.0
  9
$PLINEWID
 40
0.0
  9
$SPLFRAME
 70
     0
  9
$SPLINETYPE
 70
     6
  9
$SPLINESEGS
 70
     8
  9
$HANDSEED
  5
18BE
  9
$SURFTAB1
 70
     6
  9
$SURFTAB2
 70
     6
  9
$SURFTYPE
 70
     6
  9
$SURFU
 70
     6
  9
$SURFV
 70
     6
  9
$UCSBASE
  2

  9
$UCSNAME
  2

  9
$UCSORG
 10
0.0
 20
0.0
 30
0.0
  9
$UCSXDIR
 10
1.0
 20
0.0
 30
0.0
  9
$UCSYDIR
 10
0.0
 20
1.0
 30
0.0
  9
$UCSORTHOREF
  2

  9
$UCSORTHOVIEW
 70
     0
  9
$UCSORGTOP
 10
0.0
 20
0.0
 30
0.0
  9
$UCSORGBOTTOM
 10
0.0
 20
0.0
 30
0.0
  9
$UCSORGLEFT
 10
0.0
 20
0.0
 30
0.0
  9
$UCSORGRIGHT
 10
0.0
 20
0.0
 30
0.0
  9
$UCSORGFRONT
 10
0.0
 20
0.0
 30
0.0
  9
$UCSORGBACK
 10
0.0
 20
0.0
 30
0.0
  9
$PUCSBASE
  2

  9
$PUCSNAME
  2

  9
$PUCSORG
 10
0.0
 20
0.0
 30
0.0
  9
$PUCSXDIR
 10
1.0
 20
0.0
 30
0.0
  9
$PUCSYDIR
 10
0.0
 20
1.0
 30
0.0
  9
$PUCSORTHOREF
  2

  9
$PUCSORTHOVIEW
 70
     0
  9
$PUCSORGTOP
 10
0.0
 20
0.0
 30
0.0
  9
$PUCSORGBOTTOM
 10
0.0
 20
0.0
 30
0.0
  9
$PUCSORGLEFT
 10
0.0
 20
0.0
 30
0.0
  9
$PUCSORGRIGHT
 10
0.0
 20
0.0
 30
0.0
  9
$PUCSORGFRONT
 10
0.0
 20
0.0
 30
0.0
  9
$PUCSORGBACK
 10
0.0
 20
0.0
 30
0.0
  9
$USERI1
 70
     0
  9
$USERI2
 70
     0
  9
$USERI3
 70
     0
  9
$USERI4
 70
     0
  9
$USERI5
 70
     0
  9
$USERR1
 40
0.0
  9
$USERR2
 40
0.0
  9
$USERR3
 40
0.0
  9
$USERR4
 40
0.0
  9
$USERR5
 40
0.0
  9
$WORLDVIEW
 70
     1
  9
$SHADEDGE
 70
     3
  9
$SHADEDIF
 70
    70
  9
$TILEMODE
 70
     1
  9
$MAXACTVP
 70
    64
  9
$PINSBASE
 10
0.0
 20
0.0
 30
0.0
  9
$PLIMCHECK
 70
     0
  9
$PEXTMIN
 10
1.000000000000000E+20
 20
1.000000000000000E+20
 30
1.000000000000000E+20
  9
$PEXTMAX
 10
-1.000000000000000E+20
 20
-1.000000000000000E+20
 30
-1.000000000000000E+20
  9
$PLIMMIN
 10
0.0
 20
0.0
  9
$PLIMMAX
 10
12.0
 20
9.0
  9
$UNITMODE
 70
     0
  9
$VISRETAIN
 70
     1
  9
$PLINEGEN
 70
     0
  9
$PSLTSCALE
 70
     1
  9
$TREEDEPTH
 70
  3020
  9
$CMLSTYLE
  2
Standard
  9
$CMLJUST
 70
     0
  9
$CMLSCALE
 40
1.0
  9
$PROXYGRAPHICS
 70
     1
  9
$MEASUREMENT
 70
     0
  9
$CELWEIGHT
370
    -1
  9
$ENDCAPS
280
     0
  9
$JOINSTYLE
280
     0
  9
$LWDISPLAY
290
     0
  9
$INSUNITS
 70
    13
  9
$HYPERLINKBASE
  1

  9
$STYLESHEET
  1

  9
$XEDIT
290
     1
  9
$CEPSNTYPE
380
     0
  9
$PSTYLEMODE
290
     1
  9
$FINGERPRINTGUID
  2
{13012268-028E-0549-B90A-DAF377D566A3}
  9
$VERSIONGUID
  2
{514258B3-5171-0049-B9FF-3FEBC30B67EB}
  9
$EXTNAMES
290
     1
  9
$PSVPSCALE
 40
0.0
  9
$OLESTARTUP
290
     0
  9
$SORTENTS
280
   127
  9
$INDEXCTL
280
     0
  9
$HIDETEXT
280
     0
  9
$XCLIPFRAME
280
     2
  9
$HALOGAP
280
     0
  9
$OBSCOLOR
 70
   257
  9
$OBSLTYPE
280
     0
  9
$INTERSECTIONDISPLAY
280
     0
  9
$INTERSECTIONCOLOR
 70
   257
  9
$DIMASSOC
280
     1
  9
$PROJECTNAME
  1

  9
$CAMERADISPLAY
290
     0
  9
$LENSLENGTH
 40
50.0
  9
$CAMERAHEIGHT
 40
0.0
  9
$STEPSPERSEC
 40
2.0
  9
$STEPSIZE
 40
6.0
  9
$3DDWFPREC
 40
2.0
  9
$PSOLWIDTH
 40
0.25
  9
$PSOLHEIGHT
 40
4.0
  9
$LOFTANG1
 40
1.570796326794897
  9
$LOFTANG2
 40
1.570796326794897
  9
$LOFTMAG1
 40
0.0
  9
$LOFTMAG2
 40
0.0
  9
$LOFTPARAM
 70
     7
  9
$LOFTNORMALS
280
     1
  9
$LATITUDE
 40
37.795
  9
$LONGITUDE
 40
-122.394
  9
$NORTHDIRECTION
 40
0.0
  9
$TIMEZONE
 70
 -8000
  9
$LIGHTGLYPHDISPLAY
280
     1
  9
$TILEMODELIGHTSYNCH
280
     1
  9
$CMATERIAL
347
11
  9
$SOLIDHIST
280
     0
  9
$SHOWHIST
280
     1
  9
$DWFFRAME
280
     2
  9
$DGNFRAME
280
     0
  9
$REALWORLDSCALE
290
     1
  9
$INTERFERECOLOR
 62
     1
  9
$CSHADOW
280
     0
  9
$SHADOWPLANELOCATION
 40
0.0
  0
ENDSEC
  0
SECTION
  2
CLASSES
  0
CLASS
  1
ACDBDICTIONARYWDFLT
  2
AcDbDictionaryWithDefault
  3
ObjectDBX Classes
 90
        0
 91
        3
280
     0
281
     0
  0
CLASS
  1
MATERIAL
  2
AcDbMaterial
  3
ObjectDBX Classes
 90
     1153
 91
        3
280
     0
281
     0
  0
CLASS
  1
VISUALSTYLE
  2
AcDbVisualStyle
  3
ObjectDBX Classes
 90
     4095
 91
        3
280
     0
281
     0
  0
CLASS
  1
SCALE
  2
AcDbScale
  3
ObjectDBX Classes
 90
     1153
 91
        3
280
     0
281
     0
  0
CLASS
  1
TABLESTYLE
  2
AcDbTableStyle
  3
ObjectDBX Classes
 90
     4095
 91
        3
280
     0
281
     0
  0
CLASS
  1
MLEADERSTYLE
  2
AcDbMLeaderStyle
  3
ACDB_MLEADERSTYLE_CLASS
 90
     4095
 91
        3
280
     0
281
     0
  0
CLASS
  1
ACDBSECTIONVIEWSTYLE
  2
AcDbSectionViewStyle
  3
ObjectDBX Classes
 90
     1025
 91
        3
280
     0
281
     0
  0
CLASS
  1
ACDBDETAILVIEWSTYLE
  2
AcDbDetailViewStyle
  3
ObjectDBX Classes
 90
     1025
 91
        3
280
     0
281
     0
  0
CLASS
  1
DICTIONARYVAR
  2
AcDbDictionaryVar
  3
ObjectDBX Classes
 90
        0
 91
        3
280
     0
281
     0
  0
CLASS
  1
CELLSTYLEMAP
  2
AcDbCellStyleMap
  3
ObjectDBX Classes
 90
     1152
 91
        3
280
     0
281
     0
  0
ENDSEC
  0
SECTION
  2
TABLES
  0
TABLE
  2
VPORT
  5
8
330
0
100
AcDbSymbolTable
 70
     1
  0
VPORT
  5
7D
330
8
100
AcDbSymbolTableRecord
100
AcDbViewportTableRecord
  2
*Active
 70
     0
 10
0.0
 20
0.0
 11
1.0
 21
1.0
 12
-172.3047942581711
 22
-41.9583348984022
 13
0.0
 23
0.0
 14
1.0
 24
1.0
 15
0.0
 25
0.0
 16
0.0
 26
0.0
 36
1.0
 17
0.0
 27
0.0
 37
0.0
 40
2104.512993900371
 41
2.328883495145631
 42
50.0
 43
0.0
 44
0.0
 50
0.0
 51
0.0
 71
     0
 72
   100
 73
     1
 74
     1
 75
     0
 76
     0
 77
     0
 78
     0
281
     0
 65
     1
110
0.0
120
0.0
130
0.0
111
1.0
121
0.0
131
0.0
112
0.0
122
1.0
132
0.0
 79
     0
146
0.0
348
2F
 60
     3
 61
     5
292
     1
282
     1
141
0.0
142
0.0
 63
   250
421
  3355443
1001
ACAD_NAV_VCDISPLAY
1070
     3
  0
ENDTAB
  0
TABLE
  2
LTYPE
  5
5
330
0
100
AcDbSymbolTable
 70
     1
  0
LTYPE
  5
5A
330
5
100
AcDbSymbolTableRecord
100
AcDbLinetypeTableRecord
  2
ByBlock
 70
     0
  3

 72
    65
 73
     0
 40
0.0
  0
LTYPE
  5
5B
330
5
100
AcDbSymbolTableRecord
100
AcDbLinetypeTableRecord
  2
ByLayer
 70
     0
  3

 72
    65
 73
     0
 40
0.0
  0
LTYPE
  5
5C
330
5
100
AcDbSymbolTableRecord
100
AcDbLinetypeTableRecord
  2
Continuous
 70
     0
  3
Solid line
 72
    65
 73
     0
 40
0.0
  0
ENDTAB
  0
TABLE
  2
LAYER
  5
2
330
0
100
AcDbSymbolTable
 70
    10
  0
LAYER
  5
54
102
{ACAD_XDICTIONARY
360
189A
102
}
330
2
100
AcDbSymbolTableRecord
100
AcDbLayerTableRecord
  2
0
 70
     0
 62
     7
  6
Continuous
370
    -3
390
F
347
21
348
0
  0
LAYER
  5
73
102
{ACAD_XDICTIONARY
360
189C
102
}
330
2
100
AcDbSymbolTableRecord
100
AcDbLayerTableRecord
  2
L4D1800
 70
     0
 62
     1
  6
Continuous
370
    -3
390
F
347
21
348
0
  0
LAYER
  5
74
102
{ACAD_XDICTIONARY
360
189E
102
}
330
2
100
AcDbSymbolTableRecord
100
AcDbLayerTableRecord
  2
L0D1800
 70
     0
 62
     2
  6
Continuous
370
    -3
390
F
347
21
348
0
  0
LAYER
  5
75
102
{ACAD_XDICTIONARY
360
18A0
102
}
330
2
100
AcDbSymbolTableRecord
100
AcDbLayerTableRecord
  2
L1D1000
 70
     0
 62
     3
  6
Continuous
370
    -3
390
F
347
21
348
0
  0
LAYER
  5
76
102
{ACAD_XDICTIONARY
360
18A2
102
}
330
2
100
AcDbSymbolTableRecord
100
AcDbLayerTableRecord
  2
L63D1000
 70
     0
 62
     4
  6
Continuous
370
    -3
390
F
347
21
348
0
  0
LAYER
  5
77
102
{ACAD_XDICTIONARY
360
18A4
102
}
330
2
100
AcDbSymbolTableRecord
100
AcDbLayerTableRecord
  2
L6D1800
 70
     0
 62
     5
  6
Continuous
370
    -3
390
F
347
21
348
0
  0
LAYER
  5
78
102
{ACAD_XDICTIONARY
360
18A6
102
}
330
2
100
AcDbSymbolTableRecord
100
AcDbLayerTableRecord
  2
L7D1800
 70
     0
 62
     6
  6
Continuous
370
    -3
390
F
347
21
348
0
  0
LAYER
  5
79
102
{ACAD_XDICTIONARY
360
18A8
102
}
330
2
100
AcDbSymbolTableRecord
100
AcDbLayerTableRecord
  2
L2D2100
 70
     0
 62
     7
  6
Continuous
370
    -3
390
F
347
21
348
0
  0
LAYER
  5
7A
102
{ACAD_XDICTIONARY
360
18AA
102
}
330
2
100
AcDbSymbolTableRecord
100
AcDbLayerTableRecord
  2
L3D700
 70
     0
 62
     8
  6
Continuous
370
    -3
390
F
347
21
348
0
  0
LAYER
  5
7B
102
{ACAD_XDICTIONARY
360
18AC
102
}
330
2
100
AcDbSymbolTableRecord
100
AcDbLayerTableRecord
  2
L2D2400
 70
     0
 62
     9
  6
Continuous
370
    -3
390
F
347
21
348
0
  0
ENDTAB
  0
TABLE
  2
STYLE
  5
3
330
0
100
AcDbSymbolTable
 70
     2
  0
STYLE
  5
55
330
3
100
AcDbSymbolTableRecord
100
AcDbTextStyleTableRecord
  2
Standard
 70
     0
 40
0.0
 41
1.0
 50
0.0
 71
     0
 42
0.2
  3
txt
  4

  0
STYLE
  5
59
330
3
100
AcDbSymbolTableRecord
100
AcDbTextStyleTableRecord
  2
Annotative
 70
     0
 40
0.0
 41
1.0
 50
0.0
 71
     0
 42
0.2
  3
txt
  4

1001
AcadAnnotative
1000
AnnotativeData
1002
{
1070
     1
1070
     1
1002
}
  0
ENDTAB
  0
TABLE
  2
VIEW
  5
6
330
0
100
AcDbSymbolTable
 70
     0
  0
ENDTAB
  0
TABLE
  2
UCS
  5
7
330
0
100
AcDbSymbolTable
 70
     0
  0
ENDTAB
  0
TABLE
  2
APPID
  5
9
330
0
100
AcDbSymbolTable
 70
     4
  0
APPID
  5
56
330
9
100
AcDbSymbolTableRecord
100
AcDbRegAppTableRecord
  2
ACAD
 70
     0
  0
APPID
  5
5D
330
9
100
AcDbSymbolTableRecord
100
AcDbRegAppTableRecord
  2
AcadAnnotative
 70
     0
  0
APPID
  5
1887
330
9
100
AcDbSymbolTableRecord
100
AcDbRegAppTableRecord
  2
ACAD_EXEMPT_FROM_CAD_STANDARDS
 70
     0
  0
APPID
  5
188E
330
9
100
AcDbSymbolTableRecord
100
AcDbRegAppTableRecord
  2
ACAD_NAV_VCDISPLAY
 70
     0
  0
ENDTAB
  0
TABLE
  2
DIMSTYLE
  5
A
330
0
100
AcDbSymbolTable
 70
     2
100
AcDbDimStyleTable
  0
DIMSTYLE
105
57
330
A
100
AcDbSymbolTableRecord
100
AcDbDimStyleTableRecord
  2
Standard
 70
     0
178
     0
340
55
  0
DIMSTYLE
105
58
330
A
100
AcDbSymbolTableRecord
100
AcDbDimStyleTableRecord
  2
Annotative
 70
     0
178
     0
340
55
1001
AcadAnnotative
1000
AnnotativeData
1002
{
1070
     1
1070
     1
1002
}
  0
ENDTAB
  0
TABLE
  2
BLOCK_RECORD
  5
1
330
0
100
AcDbSymbolTable
 70
     0
  0
BLOCK_RECORD
  5
6F
330
1
100
AcDbSymbolTableRecord
100
AcDbBlockTableRecord
  2
*Model_Space
340
72
 70
     0
280
     1
281
     0
  0
BLOCK_RECORD
  5
6B
330
1
100
AcDbSymbolTableRecord
100
AcDbBlockTableRecord
  2
*Paper_Space
340
6E
 70
     0
280
     1
281
     0
  0
ENDTAB
  0
ENDSEC
  0
SECTION
  2
BLOCKS
  0
BLOCK
  5
70
330
6F
100
AcDbEntity
  8
0
100
AcDbBlockBegin
  2
*Model_Space
 70
     0
 10
0.0
 20
0.0
 30
0.0
  3
*Model_Space
  1

  0
ENDBLK
  5
71
330
6F
100
AcDbEntity
  8
0
100
AcDbBlockEnd
  0
BLOCK
  5
6C
330
6B
100
AcDbEntity
 67
     1
  8
0
100
AcDbBlockBegin
  2
*Paper_Space
 70
     0
 10
0.0
 20
0.0
 30
0.0
  3
*Paper_Space
  1

  0
ENDBLK
  5
6D
330
6B
100
AcDbEntity
 67
     1
  8
0
100
AcDbBlockEnd
  0
ENDSEC
  0
SECTION
  2
ENTITIES
  0
LWPOLYLINE
  5
7E
330
6F
100
AcDbEntity
  8
L4D1800
100
AcDbPolyline
 90
      108
 70
     1
 43
0.0
 10
-2.5
 20
61.0
 10
-2.651
 20
61.005
 10
-2.801
 20
61.018
 10
-2.951
 20
61.041
 10
-3.098
 20
61.073
 10
-3.244
 20
61.113
 10
-3.387
 20
61.162
 10
-3.526
 20
61.22
 10
-3.662
 20
61.286
 10
-3.793
 20
61.361
 10
-3.92
 20
61.443
 10
-4.042
 20
61.532
 10
-4.158
 20
61.629
 10
-4.268
 20
61.732
 10
-4.371
 20
61.842
 10
-4.468
 20
61.958
 10
-4.556999999999999
 20
62.08
 10
-4.638999999999999
 20
62.207
 10
-4.714
 20
62.338
 10
-4.78
 20
62.474
 10
-4.838
 20
62.613
 10
-4.887
 20
62.756
 10
-4.927
 20
62.902
 10
-4.959
 20
63.049
 10
-4.982
 20
63.199
 10
-4.995
 20
63.349
 10
-5.0
 20
63.5
 10
-5.0
 20
71.0
 10
-4.995
 20
71.15100000000001
 10
-4.982
 20
71.301
 10
-4.959
 20
71.45100000000001
 10
-4.927
 20
71.598
 10
-4.887
 20
71.744
 10
-4.838
 20
71.887
 10
-4.78
 20
72.02600000000001
 10
-4.714
 20
72.16199999999999
 10
-4.638999999999999
 20
72.293
 10
-4.556999999999999
 20
72.42
 10
-4.468
 20
72.542
 10
-4.371
 20
72.658
 10
-4.268
 20
72.768
 10
-4.158
 20
72.87100000000001
 10
-4.042
 20
72.968
 10
-3.92
 20
73.057
 10
-3.793
 20
73.139
 10
-3.662
 20
73.214
 10
-3.526
 20
73.28
 10
-3.387
 20
73.33800000000001
 10
-3.244
 20
73.387
 10
-3.098
 20
73.42699999999999
 10
-2.951
 20
73.459
 10
-2.801
 20
73.482
 10
-2.651
 20
73.495
 10
-2.5
 20
73.5
 10
2.5
 20
73.5
 10
2.651
 20
73.495
 10
2.801
 20
73.482
 10
2.951
 20
73.459
 10
3.098
 20
73.42699999999999
 10
3.244
 20
73.387
 10
3.387
 20
73.33800000000001
 10
3.526
 20
73.28
 10
3.662
 20
73.214
 10
3.793
 20
73.139
 10
3.92
 20
73.057
 10
4.042
 20
72.968
 10
4.158
 20
72.87100000000001
 10
4.268
 20
72.768
 10
4.371
 20
72.658
 10
4.468
 20
72.542
 10
4.556999999999999
 20
72.42
 10
4.638999999999999
 20
72.293
 10
4.714
 20
72.16199999999999
 10
4.78
 20
72.02600000000001
 10
4.838
 20
71.887
 10
4.887
 20
71.744
 10
4.927
 20
71.598
 10
4.959
 20
71.45100000000001
 10
4.982
 20
71.301
 10
4.995
 20
71.15100000000001
 10
5.0
 20
71.0
 10
5.0
 20
63.5
 10
4.995
 20
63.349
 10
4.982
 20
63.199
 10
4.959
 20
63.049
 10
4.927
 20
62.902
 10
4.887
 20
62.756
 10
4.838
 20
62.613
 10
4.78
 20
62.474
 10
4.714
 20
62.338
 10
4.638999999999999
 20
62.207
 10
4.556999999999999
 20
62.08
 10
4.468
 20
61.958
 10
4.371
 20
61.842
 10
4.268
 20
61.732
 10
4.158
 20
61.629
 10
4.042
 20
61.532
 10
3.92
 20
61.443
 10
3.793
 20
61.361
 10
3.662
 20
61.286
 10
3.526
 20
61.22
 10
3.387
 20
61.162
 10
3.244
 20
61.113
 10
3.098
 20
61.073
 10
2.951
 20
61.041
 10
2.801
 20
61.018
 10
2.651
 20
61.005
 10
2.5
 20
61.0
  0
LWPOLYLINE
  5
EC
330
6F
100
AcDbEntity
  8
L4D1800
100
AcDbPolyline
 90
      108
 70
     1
 43
0.0
 10
-2.5
 20
-73.5
 10
-2.651
 20
-73.495
 10
-2.801
 20
-73.482
 10
-2.951
 20
-73.459
 10
-3.098
 20
-73.42699999999999
 10
-3.244
 20
-73.387
 10
-3.387
 20
-73.33800000000001
 10
-3.526
 20
-73.28
 10
-3.662
 20
-73.214
 10
-3.793
 20
-73.139
 10
-3.92
 20
-73.057
 10
-4.042
 20
-72.968
 10
-4.158
 20
-72.87100000000001
 10
-4.268
 20
-72.768
 10
-4.371
 20
-72.658
 10
-4.468
 20
-72.542
 10
-4.556999999999999
 20
-72.42
 10
-4.638999999999999
 20
-72.293
 10
-4.714
 20
-72.16199999999999
 10
-4.78
 20
-72.02600000000001
 10
-4.838
 20
-71.887
 10
-4.887
 20
-71.744
 10
-4.927
 20
-71.598
 10
-4.959
 20
-71.45100000000001
 10
-4.982
 20
-71.301
 10
-4.995
 20
-71.15100000000001
 10
-5.0
 20
-71.0
 10
-5.0
 20
-63.5
 10
-4.995
 20
-63.349
 10
-4.982
 20
-63.199
 10
-4.959
 20
-63.049
 10
-4.927
 20
-62.902
 10
-4.887
 20
-62.756
 10
-4.838
 20
-62.613
 10
-4.78
 20
-62.474
 10
-4.714
 20
-62.338
 10
-4.638999999999999
 20
-62.207
 10
-4.556999999999999
 20
-62.08
 10
-4.468
 20
-61.958
 10
-4.371
 20
-61.842
 10
-4.268
 20
-61.732
 10
-4.158
 20
-61.629
 10
-4.042
 20
-61.532
 10
-3.92
 20
-61.443
 10
-3.793
 20
-61.361
 10
-3.662
 20
-61.286
 10
-3.526
 20
-61.22
 10
-3.387
 20
-61.162
 10
-3.244
 20
-61.113
 10
-3.098
 20
-61.073
 10
-2.951
 20
-61.041
 10
-2.801
 20
-61.018
 10
-2.651
 20
-61.005
 10
-2.5
 20
-61.0
 10
2.5
 20
-61.0
 10
2.651
 20
-61.005
 10
2.801
 20
-61.018
 10
2.951
 20
-61.041
 10
3.098
 20
-61.073
 10
3.244
 20
-61.113
 10
3.387
 20
-61.162
 10
3.526
 20
-61.22
 10
3.662
 20
-61.286
 10
3.793
 20
-61.361
 10
3.92
 20
-61.443
 10
4.042
 20
-61.532
 10
4.158
 20
-61.629
 10
4.268
 20
-61.732
 10
4.371
 20
-61.842
 10
4.468
 20
-61.958
 10
4.556999999999999
 20
-62.08
 10
4.638999999999999
 20
-62.207
 10
4.714
 20
-62.338
 10
4.78
 20
-62.474
 10
4.838
 20
-62.613
 10
4.887
 20
-62.756
 10
4.927
 20
-62.902
 10
4.959
 20
-63.049
 10
4.982
 20
-63.199
 10
4.995
 20
-63.349
 10
5.0
 20
-63.5
 10
5.0
 20
-71.0
 10
4.995
 20
-71.15100000000001
 10
4.982
 20
-71.301
 10
4.959
 20
-71.45100000000001
 10
4.927
 20
-71.598
 10
4.887
 20
-71.744
 10
4.838
 20
-71.887
 10
4.78
 20
-72.02600000000001
 10
4.714
 20
-72.16199999999999
 10
4.638999999999999
 20
-72.293
 10
4.556999999999999
 20
-72.42
 10
4.468
 20
-72.542
 10
4.371
 20
-72.658
 10
4.268
 20
-72.768
 10
4.158
 20
-72.87100000000001
 10
4.042
 20
-72.968
 10
3.92
 20
-73.057
 10
3.793
 20
-73.139
 10
3.662
 20
-73.214
 10
3.526
 20
-73.28
 10
3.387
 20
-73.33800000000001
 10
3.244
 20
-73.387
 10
3.098
 20
-73.42699999999999
 10
2.951
 20
-73.459
 10
2.801
 20
-73.482
 10
2.651
 20
-73.495
 10
2.5
 20
-73.5
  0
LWPOLYLINE
  5
15A
330
6F
100
AcDbEntity
  8
L4D1800
100
AcDbPolyline
 90
      108
 70
     1
 43
0.0
 10
-71.0
 20
-5.0
 10
-71.15100000000001
 20
-4.995
 10
-71.301
 20
-4.982
 10
-71.45100000000001
 20
-4.959
 10
-71.598
 20
-4.927
 10
-71.744
 20
-4.887
 10
-71.887
 20
-4.838
 10
-72.02600000000001
 20
-4.78
 10
-72.16199999999999
 20
-4.714
 10
-72.293
 20
-4.638999999999999
 10
-72.42
 20
-4.556999999999999
 10
-72.542
 20
-4.468
 10
-72.658
 20
-4.371
 10
-72.768
 20
-4.268
 10
-72.87100000000001
 20
-4.158
 10
-72.968
 20
-4.042
 10
-73.057
 20
-3.92
 10
-73.139
 20
-3.793
 10
-73.214
 20
-3.662
 10
-73.28
 20
-3.526
 10
-73.33800000000001
 20
-3.387
 10
-73.387
 20
-3.244
 10
-73.42699999999999
 20
-3.098
 10
-73.459
 20
-2.951
 10
-73.482
 20
-2.801
 10
-73.495
 20
-2.651
 10
-73.5
 20
-2.5
 10
-73.5
 20
2.5
 10
-73.495
 20
2.651
 10
-73.482
 20
2.801
 10
-73.459
 20
2.951
 10
-73.42699999999999
 20
3.098
 10
-73.387
 20
3.244
 10
-73.33800000000001
 20
3.387
 10
-73.28
 20
3.526
 10
-73.214
 20
3.662
 10
-73.139
 20
3.793
 10
-73.057
 20
3.92
 10
-72.968
 20
4.042
 10
-72.87100000000001
 20
4.158
 10
-72.768
 20
4.268
 10
-72.658
 20
4.371
 10
-72.542
 20
4.468
 10
-72.42
 20
4.556999999999999
 10
-72.293
 20
4.638999999999999
 10
-72.16199999999999
 20
4.714
 10
-72.02600000000001
 20
4.78
 10
-71.887
 20
4.838
 10
-71.744
 20
4.887
 10
-71.598
 20
4.927
 10
-71.45100000000001
 20
4.959
 10
-71.301
 20
4.982
 10
-71.15100000000001
 20
4.995
 10
-71.0
 20
5.0
 10
-63.5
 20
5.0
 10
-63.349
 20
4.995
 10
-63.199
 20
4.982
 10
-63.049
 20
4.959
 10
-62.902
 20
4.927
 10
-62.756
 20
4.887
 10
-62.613
 20
4.838
 10
-62.474
 20
4.78
 10
-62.338
 20
4.714
 10
-62.207
 20
4.638999999999999
 10
-62.08
 20
4.556999999999999
 10
-61.958
 20
4.468
 10
-61.842
 20
4.371
 10
-61.732
 20
4.268
 10
-61.629
 20
4.158
 10
-61.532
 20
4.042
 10
-61.443
 20
3.92
 10
-61.361
 20
3.793
 10
-61.286
 20
3.662
 10
-61.22
 20
3.526
 10
-61.162
 20
3.387
 10
-61.113
 20
3.244
 10
-61.073
 20
3.098
 10
-61.041
 20
2.951
 10
-61.018
 20
2.801
 10
-61.005
 20
2.651
 10
-61.0
 20
2.5
 10
-61.0
 20
-2.5
 10
-61.005
 20
-2.651
 10
-61.018
 20
-2.801
 10
-61.041
 20
-2.951
 10
-61.073
 20
-3.098
 10
-61.113
 20
-3.244
 10
-61.162
 20
-3.387
 10
-61.22
 20
-3.526
 10
-61.286
 20
-3.662
 10
-61.361
 20
-3.793
 10
-61.443
 20
-3.92
 10
-61.532
 20
-4.042
 10
-61.629
 20
-4.158
 10
-61.732
 20
-4.268
 10
-61.842
 20
-4.371
 10
-61.958
 20
-4.468
 10
-62.08
 20
-4.556999999999999
 10
-62.207
 20
-4.638999999999999
 10
-62.338
 20
-4.714
 10
-62.474
 20
-4.78
 10
-62.613
 20
-4.838
 10
-62.756
 20
-4.887
 10
-62.902
 20
-4.927
 10
-63.049
 20
-4.959
 10
-63.199
 20
-4.982
 10
-63.349
 20
-4.995
 10
-63.5
 20
-5.0
  0
LWPOLYLINE
  5
1C8
330
6F
100
AcDbEntity
  8
L4D1800
100
AcDbPolyline
 90
      108
 70
     1
 43
0.0
 10
-209.691
 20
115.0
 10
-209.842
 20
115.005
 10
-209.993
 20
115.018
 10
-210.142
 20
115.041
 10
-210.289
 20
115.073
 10
-210.435
 20
115.113
 10
-210.578
 20
115.162
 10
-210.717
 20
115.22
 10
-210.853
 20
115.286
 10
-210.985
 20
115.361
 10
-211.111
 20
115.443
 10
-211.233
 20
115.532
 10
-211.349
 20
115.629
 10
-211.459
 20
115.732
 10
-211.562
 20
115.842
 10
-211.659
 20
115.958
 10
-211.749
 20
116.08
 10
-211.831
 20
116.207
 10
-211.905
 20
116.338
 10
-211.971
 20
116.474
 10
-212.029
 20
116.613
 10
-212.078
 20
116.756
 10
-212.119
 20
116.902
 10
-212.15
 20
117.049
 10
-212.173
 20
117.199
 10
-212.187
 20
117.349
 10
-212.191
 20
117.5
 10
-212.191
 20
125.0
 10
-212.187
 20
125.151
 10
-212.173
 20
125.301
 10
-212.15
 20
125.451
 10
-212.119
 20
125.598
 10
-212.078
 20
125.744
 10
-212.029
 20
125.887
 10
-211.971
 20
126.026
 10
-211.905
 20
126.162
 10
-211.831
 20
126.293
 10
-211.749
 20
126.42
 10
-211.659
 20
126.542
 10
-211.562
 20
126.658
 10
-211.459
 20
126.768
 10
-211.349
 20
126.871
 10
-211.233
 20
126.968
 10
-211.111
 20
127.057
 10
-210.985
 20
127.139
 10
-210.853
 20
127.214
 10
-210.717
 20
127.28
 10
-210.578
 20
127.338
 10
-210.435
 20
127.387
 10
-210.289
 20
127.427
 10
-210.142
 20
127.459
 10
-209.993
 20
127.482
 10
-209.842
 20
127.495
 10
-209.691
 20
127.5
 10
-204.691
 20
127.5
 10
-204.54
 20
127.495
 10
-204.39
 20
127.482
 10
-204.241
 20
127.459
 10
-204.093
 20
127.427
 10
-203.947
 20
127.387
 10
-203.805
 20
127.338
 10
-203.665
 20
127.28
 10
-203.529
 20
127.214
 10
-203.398
 20
127.139
 10
-203.271
 20
127.057
 10
-203.149
 20
126.968
 10
-203.033
 20
126.871
 10
-202.923
 20
126.768
 10
-202.82
 20
126.658
 10
-202.723
 20
126.542
 10
-202.634
 20
126.42
 10
-202.552
 20
126.293
 10
-202.478
 20
126.162
 10
-202.411
 20
126.026
 10
-202.354
 20
125.887
 10
-202.304
 20
125.744
 10
-202.264
 20
125.598
 10
-202.232
 20
125.451
 10
-202.209
 20
125.301
 10
-202.196
 20
125.151
 10
-202.191
 20
125.0
 10
-202.191
 20
117.5
 10
-202.196
 20
117.349
 10
-202.209
 20
117.199
 10
-202.232
 20
117.049
 10
-202.264
 20
116.902
 10
-202.304
 20
116.756
 10
-202.354
 20
116.613
 10
-202.411
 20
116.474
 10
-202.478
 20
116.338
 10
-202.552
 20
116.207
 10
-202.634
 20
116.08
 10
-202.723
 20
115.958
 10
-202.82
 20
115.842
 10
-202.923
 20
115.732
 10
-203.033
 20
115.629
 10
-203.149
 20
115.532
 10
-203.271
 20
115.443
 10
-203.398
 20
115.361
 10
-203.529
 20
115.286
 10
-203.665
 20
115.22
 10
-203.805
 20
115.162
 10
-203.947
 20
115.113
 10
-204.093
 20
115.073
 10
-204.241
 20
115.041
 10
-204.39
 20
115.018
 10
-204.54
 20
115.005
 10
-204.691
 20
115.0
  0
LWPOLYLINE
  5
236
330
6F
100
AcDbEntity
  8
L4D1800
100
AcDbPolyline
 90
      108
 70
     1
 43
0.0
 10
-209.691
 20
-127.5
 10
-209.842
 20
-127.495
 10
-209.993
 20
-127.482
 10
-210.142
 20
-127.459
 10
-210.289
 20
-127.427
 10
-210.435
 20
-127.387
 10
-210.578
 20
-127.338
 10
-210.717
 20
-127.28
 10
-210.853
 20
-127.214
 10
-210.985
 20
-127.139
 10
-211.111
 20
-127.057
 10
-211.233
 20
-126.968
 10
-211.349
 20
-126.871
 10
-211.459
 20
-126.768
 10
-211.562
 20
-126.658
 10
-211.659
 20
-126.542
 10
-211.749
 20
-126.42
 10
-211.831
 20
-126.293
 10
-211.905
 20
-126.162
 10
-211.971
 20
-126.026
 10
-212.029
 20
-125.887
 10
-212.078
 20
-125.744
 10
-212.119
 20
-125.598
 10
-212.15
 20
-125.451
 10
-212.173
 20
-125.301
 10
-212.187
 20
-125.151
 10
-212.191
 20
-125.0
 10
-212.191
 20
-117.5
 10
-212.187
 20
-117.349
 10
-212.173
 20
-117.199
 10
-212.15
 20
-117.049
 10
-212.119
 20
-116.902
 10
-212.078
 20
-116.756
 10
-212.029
 20
-116.613
 10
-211.971
 20
-116.474
 10
-211.905
 20
-116.338
 10
-211.831
 20
-116.207
 10
-211.749
 20
-116.08
 10
-211.659
 20
-115.958
 10
-211.562
 20
-115.842
 10
-211.459
 20
-115.732
 10
-211.349
 20
-115.629
 10
-211.233
 20
-115.532
 10
-211.111
 20
-115.443
 10
-210.985
 20
-115.361
 10
-210.853
 20
-115.286
 10
-210.717
 20
-115.22
 10
-210.578
 20
-115.162
 10
-210.435
 20
-115.113
 10
-210.289
 20
-115.073
 10
-210.142
 20
-115.041
 10
-209.993
 20
-115.018
 10
-209.842
 20
-115.005
 10
-209.691
 20
-115.0
 10
-204.691
 20
-115.0
 10
-204.54
 20
-115.005
 10
-204.39
 20
-115.018
 10
-204.241
 20
-115.041
 10
-204.093
 20
-115.073
 10
-203.947
 20
-115.113
 10
-203.805
 20
-115.162
 10
-203.665
 20
-115.22
 10
-203.529
 20
-115.286
 10
-203.398
 20
-115.361
 10
-203.271
 20
-115.443
 10
-203.149
 20
-115.532
 10
-203.033
 20
-115.629
 10
-202.923
 20
-115.732
 10
-202.82
 20
-115.842
 10
-202.723
 20
-115.958
 10
-202.634
 20
-116.08
 10
-202.552
 20
-116.207
 10
-202.478
 20
-116.338
 10
-202.411
 20
-116.474
 10
-202.354
 20
-116.613
 10
-202.304
 20
-116.756
 10
-202.264
 20
-116.902
 10
-202.232
 20
-117.049
 10
-202.209
 20
-117.199
 10
-202.196
 20
-117.349
 10
-202.191
 20
-117.5
 10
-202.191
 20
-125.0
 10
-202.196
 20
-125.151
 10
-202.209
 20
-125.301
 10
-202.232
 20
-125.451
 10
-202.264
 20
-125.598
 10
-202.304
 20
-125.744
 10
-202.354
 20
-125.887
 10
-202.411
 20
-126.026
 10
-202.478
 20
-126.162
 10
-202.552
 20
-126.293
 10
-202.634
 20
-126.42
 10
-202.723
 20
-126.542
 10
-202.82
 20
-126.658
 10
-202.923
 20
-126.768
 10
-203.033
 20
-126.871
 10
-203.149
 20
-126.968
 10
-203.271
 20
-127.057
 10
-203.398
 20
-127.139
 10
-203.529
 20
-127.214
 10
-203.665
 20
-127.28
 10
-203.805
 20
-127.338
 10
-203.947
 20
-127.387
 10
-204.093
 20
-127.427
 10
-204.241
 20
-127.459
 10
-204.39
 20
-127.482
 10
-204.54
 20
-127.495
 10
-204.691
 20
-127.5
  0
LWPOLYLINE
  5
2A4
330
6F
100
AcDbEntity
  8
L4D1800
100
AcDbPolyline
 90
      108
 70
     1
 43
0.0
 10
-125.0
 20
202.191
 10
-125.151
 20
202.196
 10
-125.301
 20
202.209
 10
-125.451
 20
202.232
 10
-125.598
 20
202.264
 10
-125.744
 20
202.304
 10
-125.887
 20
202.354
 10
-126.026
 20
202.411
 10
-126.162
 20
202.478
 10
-126.293
 20
202.552
 10
-126.42
 20
202.634
 10
-126.542
 20
202.723
 10
-126.658
 20
202.82
 10
-126.768
 20
202.923
 10
-126.871
 20
203.033
 10
-126.968
 20
203.149
 10
-127.057
 20
203.271
 10
-127.139
 20
203.398
 10
-127.214
 20
203.529
 10
-127.28
 20
203.665
 10
-127.338
 20
203.805
 10
-127.387
 20
203.947
 10
-127.427
 20
204.093
 10
-127.459
 20
204.241
 10
-127.482
 20
204.39
 10
-127.495
 20
204.54
 10
-127.5
 20
204.691
 10
-127.5
 20
209.691
 10
-127.495
 20
209.842
 10
-127.482
 20
209.993
 10
-127.459
 20
210.142
 10
-127.427
 20
210.289
 10
-127.387
 20
210.435
 10
-127.338
 20
210.578
 10
-127.28
 20
210.717
 10
-127.214
 20
210.853
 10
-127.139
 20
210.985
 10
-127.057
 20
211.111
 10
-126.968
 20
211.233
 10
-126.871
 20
211.349
 10
-126.768
 20
211.459
 10
-126.658
 20
211.562
 10
-126.542
 20
211.659
 10
-126.42
 20
211.749
 10
-126.293
 20
211.831
 10
-126.162
 20
211.905
 10
-126.026
 20
211.971
 10
-125.887
 20
212.029
 10
-125.744
 20
212.078
 10
-125.598
 20
212.119
 10
-125.451
 20
212.15
 10
-125.301
 20
212.173
 10
-125.151
 20
212.187
 10
-125.0
 20
212.191
 10
-117.5
 20
212.191
 10
-117.349
 20
212.187
 10
-117.199
 20
212.173
 10
-117.049
 20
212.15
 10
-116.902
 20
212.119
 10
-116.756
 20
212.078
 10
-116.613
 20
212.029
 10
-116.474
 20
211.971
 10
-116.338
 20
211.905
 10
-116.207
 20
211.831
 10
-116.08
 20
211.749
 10
-115.958
 20
211.659
 10
-115.842
 20
211.562
 10
-115.732
 20
211.459
 10
-115.629
 20
211.349
 10
-115.532
 20
211.233
 10
-115.443
 20
211.111
 10
-115.361
 20
210.985
 10
-115.286
 20
210.853
 10
-115.22
 20
210.717
 10
-115.162
 20
210.578
 10
-115.113
 20
210.435
 10
-115.073
 20
210.289
 10
-115.041
 20
210.142
 10
-115.018
 20
209.993
 10
-115.005
 20
209.842
 10
-115.0
 20
209.691
 10
-115.0
 20
204.691
 10
-115.005
 20
204.54
 10
-115.018
 20
204.39
 10
-115.041
 20
204.241
 10
-115.073
 20
204.093
 10
-115.113
 20
203.947
 10
-115.162
 20
203.805
 10
-115.22
 20
203.665
 10
-115.286
 20
203.529
 10
-115.361
 20
203.398
 10
-115.443
 20
203.271
 10
-115.532
 20
203.149
 10
-115.629
 20
203.033
 10
-115.732
 20
202.923
 10
-115.842
 20
202.82
 10
-115.958
 20
202.723
 10
-116.08
 20
202.634
 10
-116.207
 20
202.552
 10
-116.338
 20
202.478
 10
-116.474
 20
202.411
 10
-116.613
 20
202.354
 10
-116.756
 20
202.304
 10
-116.902
 20
202.264
 10
-117.049
 20
202.232
 10
-117.199
 20
202.209
 10
-117.349
 20
202.196
 10
-117.5
 20
202.191
  0
LWPOLYLINE
  5
312
330
6F
100
AcDbEntity
  8
L4D1800
100
AcDbPolyline
 90
      108
 70
     1
 43
0.0
 10
-125.0
 20
-212.191
 10
-125.151
 20
-212.187
 10
-125.301
 20
-212.173
 10
-125.451
 20
-212.15
 10
-125.598
 20
-212.119
 10
-125.744
 20
-212.078
 10
-125.887
 20
-212.029
 10
-126.026
 20
-211.971
 10
-126.162
 20
-211.905
 10
-126.293
 20
-211.831
 10
-126.42
 20
-211.749
 10
-126.542
 20
-211.659
 10
-126.658
 20
-211.562
 10
-126.768
 20
-211.459
 10
-126.871
 20
-211.349
 10
-126.968
 20
-211.233
 10
-127.057
 20
-211.111
 10
-127.139
 20
-210.985
 10
-127.214
 20
-210.853
 10
-127.28
 20
-210.717
 10
-127.338
 20
-210.578
 10
-127.387
 20
-210.435
 10
-127.427
 20
-210.289
 10
-127.459
 20
-210.142
 10
-127.482
 20
-209.993
 10
-127.495
 20
-209.842
 10
-127.5
 20
-209.691
 10
-127.5
 20
-204.691
 10
-127.495
 20
-204.54
 10
-127.482
 20
-204.39
 10
-127.459
 20
-204.241
 10
-127.427
 20
-204.093
 10
-127.387
 20
-203.947
 10
-127.338
 20
-203.805
 10
-127.28
 20
-203.665
 10
-127.214
 20
-203.529
 10
-127.139
 20
-203.398
 10
-127.057
 20
-203.271
 10
-126.968
 20
-203.149
 10
-126.871
 20
-203.033
 10
-126.768
 20
-202.923
 10
-126.658
 20
-202.82
 10
-126.542
 20
-202.723
 10
-126.42
 20
-202.634
 10
-126.293
 20
-202.552
 10
-126.162
 20
-202.478
 10
-126.026
 20
-202.411
 10
-125.887
 20
-202.354
 10
-125.744
 20
-202.304
 10
-125.598
 20
-202.264
 10
-125.451
 20
-202.232
 10
-125.301
 20
-202.209
 10
-125.151
 20
-202.196
 10
-125.0
 20
-202.191
 10
-117.5
 20
-202.191
 10
-117.349
 20
-202.196
 10
-117.199
 20
-202.209
 10
-117.049
 20
-202.232
 10
-116.902
 20
-202.264
 10
-116.756
 20
-202.304
 10
-116.613
 20
-202.354
 10
-116.474
 20
-202.411
 10
-116.338
 20
-202.478
 10
-116.207
 20
-202.552
 10
-116.08
 20
-202.634
 10
-115.958
 20
-202.723
 10
-115.842
 20
-202.82
 10
-115.732
 20
-202.923
 10
-115.629
 20
-203.033
 10
-115.532
 20
-203.149
 10
-115.443
 20
-203.271
 10
-115.361
 20
-203.398
 10
-115.286
 20
-203.529
 10
-115.22
 20
-203.665
 10
-115.162
 20
-203.805
 10
-115.113
 20
-203.947
 10
-115.073
 20
-204.093
 10
-115.041
 20
-204.241
 10
-115.018
 20
-204.39
 10
-115.005
 20
-204.54
 10
-115.0
 20
-204.691
 10
-115.0
 20
-209.691
 10
-115.005
 20
-209.842
 10
-115.018
 20
-209.993
 10
-115.041
 20
-210.142
 10
-115.073
 20
-210.289
 10
-115.113
 20
-210.435
 10
-115.162
 20
-210.578
 10
-115.22
 20
-210.717
 10
-115.286
 20
-210.853
 10
-115.361
 20
-210.985
 10
-115.443
 20
-211.111
 10
-115.532
 20
-211.233
 10
-115.629
 20
-211.349
 10
-115.732
 20
-211.459
 10
-115.842
 20
-211.562
 10
-115.958
 20
-211.659
 10
-116.08
 20
-211.749
 10
-116.207
 20
-211.831
 10
-116.338
 20
-211.905
 10
-116.474
 20
-211.971
 10
-116.613
 20
-212.029
 10
-116.756
 20
-212.078
 10
-116.902
 20
-212.119
 10
-117.049
 20
-212.15
 10
-117.199
 20
-212.173
 10
-117.349
 20
-212.187
 10
-117.5
 20
-212.191
  0
LWPOLYLINE
  5
380
330
6F
100
AcDbEntity
  8
L4D1800
100
AcDbPolyline
 90
        4
 70
     1
 43
0.0
 10
-208.191
 20
124.0
 10
-208.191
 20
208.191
 10
-206.191
 20
208.191
 10
-206.191
 20
124.0
  0
LWPOLYLINE
  5
386
330
6F
100
AcDbEntity
  8
L4D1800
100
AcDbPolyline
 90
        4
 70
     1
 43
0.0
 10
-208.191
 20
206.191
 10
-208.191
 20
208.191
 10
-124.0
 20
208.191
 10
-124.0
 20
206.191
  0
LWPOLYLINE
  5
38C
330
6F
100
AcDbEntity
  8
L4D1800
100
AcDbPolyline
 90
        4
 70
     1
 43
0.0
 10
-208.191
 20
-208.191
 10
-208.191
 20
-124.0
 10
-206.191
 20
-124.0
 10
-206.191
 20
-208.191
  0
LWPOLYLINE
  5
392
330
6F
100
AcDbEntity
  8
L4D1800
100
AcDbPolyline
 90
        4
 70
     1
 43
0.0
 10
-208.191
 20
-208.191
 10
-208.191
 20
-206.191
 10
-124.0
 20
-206.191
 10
-124.0
 20
-208.191
  0
LWPOLYLINE
  5
398
330
6F
100
AcDbEntity
  8
L0D1800
100
AcDbPolyline
 90
        4
 70
     1
 43
0.0
 10
-320.0
 20
-300.0
 10
-320.0
 20
-280.0
 10
-300.0
 20
-280.0
 10
-300.0
 20
-300.0
  0
LWPOLYLINE
  5
39E
330
6F
100
AcDbEntity
  8
L0D1800
100
AcDbPolyline
 90
        4
 70
     1
 43
0.0
 10
-300.0
 20
-320.0
 10
-300.0
 20
-300.0
 10
-280.0
 20
-300.0
 10
-280.0
 20
-320.0
  0
LWPOLYLINE
  5
3A4
330
6F
100
AcDbEntity
  8
L0D1800
100
AcDbPolyline
 90
        4
 70
     1
 43
0.0
 10
280.0
 20
-320.0
 10
280.0
 20
-300.0
 10
300.0
 20
-300.0
 10
300.0
 20
-320.0
  0
LWPOLYLINE
  5
3AA
330
6F
100
AcDbEntity
  8
L0D1800
100
AcDbPolyline
 90
        4
 70
     1
 43
0.0
 10
300.0
 20
-300.0
 10
300.0
 20
-280.0
 10
320.0
 20
-280.0
 10
320.0
 20
-300.0
  0
LWPOLYLINE
  5
3B0
330
6F
100
AcDbEntity
  8
L0D1800
100
AcDbPolyline
 90
        4
 70
     1
 43
0.0
 10
280.0
 20
280.0
 10
280.0
 20
300.0
 10
300.0
 20
300.0
 10
300.0
 20
280.0
  0
LWPOLYLINE
  5
3B6
330
6F
100
AcDbEntity
  8
L0D1800
100
AcDbPolyline
 90
        4
 70
     1
 43
0.0
 10
300.0
 20
300.0
 10
300.0
 20
320.0
 10
320.0
 20
320.0
 10
320.0
 20
300.0
  0
LWPOLYLINE
  5
3BC
330
6F
100
AcDbEntity
  8
L0D1800
100
AcDbPolyline
 90
        4
 70
     1
 43
0.0
 10
320.0
 20
280.0
 10
320.0
 20
300.0
 10
340.0
 20
300.0
 10
340.0
 20
280.0
  0
LWPOLYLINE
  5
3C2
330
6F
100
AcDbEntity
  8
L0D1800
100
AcDbPolyline
 90
        4
 70
     1
 43
0.0
 10
-320.0
 20
280.0
 10
-320.0
 20
300.0
 10
-300.0
 20
300.0
 10
-300.0
 20
280.0
  0
LWPOLYLINE
  5
3C8
330
6F
100
AcDbEntity
  8
L0D1800
100
AcDbPolyline
 90
        4
 70
     1
 43
0.0
 10
-300.0
 20
300.0
 10
-300.0
 20
320.0
 10
-280.0
 20
320.0
 10
-280.0
 20
300.0
  0
LWPOLYLINE
  5
3CE
330
6F
100
AcDbEntity
  8
L1D1000
100
AcDbPolyline
 90
        4
 70
     1
 43
0.0
 10
-1.0
 20
49.0
 10
-1.0
 20
51.0
 10
1.0
 20
51.0
 10
1.0
 20
49.0
  0
LWPOLYLINE
  5
3D4
330
6F
100
AcDbEntity
  8
L1D1000
100
AcDbPolyline
 90
        4
 70
     1
 43
0.0
 10
-51.0
 20
-1.0
 10
-51.0
 20
1.0
 10
-49.0
 20
1.0
 10
-49.0
 20
-1.0
  0
LWPOLYLINE
  5
3DA
330
6F
100
AcDbEntity
  8
L1D1000
100
AcDbPolyline
 90
        4
 70
     1
 43
0.0
 10
-1.0
 20
-51.0
 10
-1.0
 20
-49.0
 10
1.0
 20
-49.0
 10
1.0
 20
-51.0
  0
LWPOLYLINE
  5
3E0
330
6F
100
AcDbEntity
  8
L63D1000
100
AcDbPolyline
 90
        4
 70
     1
 43
0.0
 10
-305.0
 20
295.0
 10
-305.0
 20
305.0
 10
-295.0
 20
305.0
 10
-295.0
 20
295.0
  0
LWPOLYLINE
  5
3E6
330
6F
100
AcDbEntity
  8
L63D1000
100
AcDbPolyline
 90
        4
 70
     1
 43
0.0
 10
295.0
 20
295.0
 10
295.0
 20
305.0
 10
305.0
 20
305.0
 10
305.0
 20
295.0
  0
LWPOLYLINE
  5
3EC
330
6F
100
AcDbEntity
  8
L63D1000
100
AcDbPolyline
 90
        4
 70
     1
 43
0.0
 10
-305.0
 20
-305.0
 10
-305.0
 20
-295.0
 10
-295.0
 20
-295.0
 10
-295.0
 20
-305.0
  0
LWPOLYLINE
  5
3F2
330
6F
100
AcDbEntity
  8
L63D1000
100
AcDbPolyline
 90
        4
 70
     1
 43
0.0
 10
295.0
 20
-305.0
 10
295.0
 20
-295.0
 10
305.0
 20
-295.0
 10
305.0
 20
-305.0
  0
LWPOLYLINE
  5
3F8
330
6F
100
AcDbEntity
  8
L6D1800
100
AcDbPolyline
 90
        4
 70
     1
 43
0.0
 10
90.0
 20
150.0
 10
90.0
 20
185.0
 10
125.0
 20
185.0
 10
125.0
 20
150.0
  0
LWPOLYLINE
  5
3FE
330
6F
100
AcDbEntity
  8
L6D1800
100
AcDbPolyline
 90
        4
 70
     1
 43
0.0
 10
90.0
 20
-185.0
 10
90.0
 20
-150.0
 10
125.0
 20
-150.0
 10
125.0
 20
-185.0
  0
LWPOLYLINE
  5
404
330
6F
100
AcDbEntity
  8
L6D1800
100
AcDbPolyline
 90
        4
 70
     1
 43
0.0
 10
138.643
 20
-145.0
 10
138.643
 20
150.5
 10
143.643
 20
150.5
 10
143.643
 20
-145.0
  0
LWPOLYLINE
  5
40A
330
6F
100
AcDbEntity
  8
L6D1800
100
AcDbPolyline
 90
        4
 70
     1
 43
0.0
 10
148.643
 20
-150.5
 10
148.643
 20
145.0
 10
153.643
 20
145.0
 10
153.643
 20
-150.5
  0
LWPOLYLINE
  5
410
330
6F
100
AcDbEntity
  8
L6D1800
100
AcDbPolyline
 90
        4
 70
     1
 43
0.0
 10
158.643
 20
-145.0
 10
158.643
 20
150.5
 10
163.643
 20
150.5
 10
163.643
 20
-145.0
  0
LWPOLYLINE
  5
416
330
6F
100
AcDbEntity
  8
L6D1800
100
AcDbPolyline
 90
        4
 70
     1
 43
0.0
 10
168.643
 20
-150.5
 10
168.643
 20
145.0
 10
173.643
 20
145.0
 10
173.643
 20
-150.5
  0
LWPOLYLINE
  5
41C
330
6F
100
AcDbEntity
  8
L6D1800
100
AcDbPolyline
 90
        4
 70
     1
 43
0.0
 10
178.643
 20
-145.0
 10
178.643
 20
150.5
 10
183.643
 20
150.5
 10
183.643
 20
-145.0
  0
LWPOLYLINE
  5
422
330
6F
100
AcDbEntity
  8
L6D1800
100
AcDbPolyline
 90
        4
 70
     1
 43
0.0
 10
188.643
 20
-150.5
 10
188.643
 20
145.0
 10
193.643
 20
145.0
 10
193.643
 20
-150.5
  0
LWPOLYLINE
  5
428
330
6F
100
AcDbEntity
  8
L6D1800
100
AcDbPolyline
 90
        4
 70
     1
 43
0.0
 10
198.643
 20
-145.0
 10
198.643
 20
150.5
 10
203.643
 20
150.5
 10
203.643
 20
-145.0
  0
LWPOLYLINE
  5
42E
330
6F
100
AcDbEntity
  8
L6D1800
100
AcDbPolyline
 90
        4
 70
     1
 43
0.0
 10
208.643
 20
-150.5
 10
208.643
 20
145.0
 10
213.643
 20
145.0
 10
213.643
 20
-150.5
  0
LWPOLYLINE
  5
434
330
6F
100
AcDbEntity
  8
L6D1800
100
AcDbPolyline
 90
        4
 70
     1
 43
0.0
 10
218.643
 20
-145.0
 10
218.643
 20
150.5
 10
223.643
 20
150.5
 10
223.643
 20
-145.0
  0
LWPOLYLINE
  5
43A
330
6F
100
AcDbEntity
  8
L6D1800
100
AcDbPolyline
 90
        4
 70
     1
 43
0.0
 10
228.643
 20
-150.5
 10
228.643
 20
145.0
 10
233.643
 20
145.0
 10
233.643
 20
-150.5
  0
LWPOLYLINE
  5
440
330
6F
100
AcDbEntity
  8
L6D1800
100
AcDbPolyline
 90
        4
 70
     1
 43
0.0
 10
238.643
 20
-145.0
 10
238.643
 20
150.5
 10
243.643
 20
150.5
 10
243.643
 20
-145.0
  0
LWPOLYLINE
  5
446
330
6F
100
AcDbEntity
  8
L6D1800
100
AcDbPolyline
 90
        4
 70
     1
 43
0.0
 10
248.643
 20
-150.5
 10
248.643
 20
145.0
 10
253.643
 20
145.0
 10
253.643
 20
-150.5
  0
LWPOLYLINE
  5
44C
330
6F
100
AcDbEntity
  8
L6D1800
100
AcDbPolyline
 90
        4
 70
     1
 43
0.0
 10
258.643
 20
-145.0
 10
258.643
 20
150.5
 10
263.643
 20
150.5
 10
263.643
 20
-145.0
  0
LWPOLYLINE
  5
452
330
6F
100
AcDbEntity
  8
L6D1800
100
AcDbPolyline
 90
        4
 70
     1
 43
0.0
 10
268.643
 20
-150.5
 10
268.643
 20
145.0
 10
273.643
 20
145.0
 10
273.643
 20
-150.5
  0
LWPOLYLINE
  5
458
330
6F
100
AcDbEntity
  8
L6D1800
100
AcDbPolyline
 90
        4
 70
     1
 43
0.0
 10
278.643
 20
-145.0
 10
278.643
 20
150.5
 10
283.643
 20
150.5
 10
283.643
 20
-145.0
  0
LWPOLYLINE
  5
45E
330
6F
100
AcDbEntity
  8
L6D1800
100
AcDbPolyline
 90
        4
 70
     1
 43
0.0
 10
288.643
 20
-150.5
 10
288.643
 20
145.0
 10
293.643
 20
145.0
 10
293.643
 20
-150.5
  0
LWPOLYLINE
  5
464
330
6F
100
AcDbEntity
  8
L6D1800
100
AcDbPolyline
 90
        4
 70
     1
 43
0.0
 10
298.643
 20
-145.0
 10
298.643
 20
150.5
 10
303.643
 20
150.5
 10
303.643
 20
-145.0
  0
LWPOLYLINE
  5
46A
330
6F
100
AcDbEntity
  8
L6D1800
100
AcDbPolyline
 90
        4
 70
     1
 43
0.0
 10
308.643
 20
-150.5
 10
308.643
 20
145.0
 10
313.643
 20
145.0
 10
313.643
 20
-150.5
  0
LWPOLYLINE
  5
470
330
6F
100
AcDbEntity
  8
L6D1800
100
AcDbPolyline
 90
        4
 70
     1
 43
0.0
 10
116.524
 20
-165.0
 10
116.524
 20
-150.0
 10
353.643
 20
-150.0
 10
353.643
 20
-165.0
  0
LWPOLYLINE
  5
476
330
6F
100
AcDbEntity
  8
L6D1800
100
AcDbPolyline
 90
        4
 70
     1
 43
0.0
 10
106.524
 20
150.0
 10
106.524
 20
165.0
 10
343.643
 20
165.0
 10
343.643
 20
150.0
  0
LWPOLYLINE
  5
47C
330
6F
100
AcDbEntity
  8
L6D1800
100
AcDbPolyline
 90
        4
 70
     1
 43
0.0
 10
318.643
 20
-145.0
 10
318.643
 20
150.5
 10
323.643
 20
150.5
 10
323.643
 20
-145.0
  0
LWPOLYLINE
  5
482
330
6F
100
AcDbEntity
  8
L6D1800
100
AcDbPolyline
 90
        4
 70
     1
 43
0.0
 10
328.643
 20
-150.5
 10
328.643
 20
145.0
 10
333.643
 20
145.0
 10
333.643
 20
-150.5
  0
LWPOLYLINE
  5
488
330
6F
100
AcDbEntity
  8
L6D1800
100
AcDbPolyline
 90
        4
 70
     1
 43
0.0
 10
338.643
 20
-145.0
 10
338.643
 20
150.5
 10
343.643
 20
150.5
 10
343.643
 20
-145.0
  0
LWPOLYLINE
  5
48E
330
6F
100
AcDbEntity
  8
L6D1800
100
AcDbPolyline
 90
        4
 70
     1
 43
0.0
 10
348.643
 20
-150.5
 10
348.643
 20
145.0
 10
353.643
 20
145.0
 10
353.643
 20
-150.5
  0
LWPOLYLINE
  5
494
330
6F
100
AcDbEntity
  8
L7D1800
100
AcDbPolyline
 90
      643
 70
     1
 43
0.0
 10
-500.0
 20
-125.0
 10
-503.019
 20
-124.909
 10
-506.027
 20
-124.635
 10
-509.013
 20
-124.181
 10
-511.966
 20
-123.547
 10
-514.875
 20
-122.736
 10
-517.73
 20
-121.751
 10
-520.521
 20
-120.595
 10
-523.236
 20
-119.273
 10
-525.867
 20
-117.789
 10
-528.403
 20
-116.149
 10
-530.836
 20
-114.359
 10
-533.156
 20
-112.426
 10
-535.355
 20
-110.355
 10
-537.4259999999999
 20
-108.156
 10
-539.359
 20
-105.836
 10
-541.149
 20
-103.403
 10
-542.789
 20
-100.867
 10
-544.273
 20
-98.236
 10
-545.595
 20
-95.521
 10
-546.751
 20
-92.73
 10
-547.736
 20
-89.875
 10
-548.547
 20
-86.96600000000001
 10
-549.181
 20
-84.01299999999999
 10
-549.635
 20
-81.027
 10
-549.909
 20
-78.01899999999999
 10
-550.0
 20
-75.0
 10
-550.0
 20
75.0
 10
-549.909
 20
78.01899999999999
 10
-549.635
 20
81.027
 10
-549.181
 20
84.01299999999999
 10
-548.547
 20
86.96600000000001
 10
-547.736
 20
89.875
 10
-546.751
 20
92.73
 10
-545.595
 20
95.521
 10
-544.273
 20
98.236
 10
-542.789
 20
100.867
 10
-541.149
 20
103.403
 10
-539.359
 20
105.836
 10
-537.4259999999999
 20
108.156
 10
-535.355
 20
110.355
 10
-533.156
 20
112.426
 10
-530.836
 20
114.359
 10
-528.403
 20
116.149
 10
-525.867
 20
117.789
 10
-523.236
 20
119.273
 10
-520.521
 20
120.595
 10
-517.73
 20
121.751
 10
-514.875
 20
122.736
 10
-511.966
 20
123.547
 10
-509.013
 20
124.181
 10
-506.027
 20
124.635
 10
-503.019
 20
124.909
 10
-500.0
 20
125.0
 10
-209.241
 20
125.0
 10
-209.181
 20
124.998
 10
-209.121
 20
124.993
 10
-209.061
 20
124.984
 10
-209.002
 20
124.971
 10
-208.944
 20
124.955
 10
-208.887
 20
124.935
 10
-208.831
 20
124.912
 10
-208.776
 20
124.885
 10
-208.724
 20
124.856
 10
-208.673
 20
124.823
 10
-208.624
 20
124.787
 10
-208.578
 20
124.749
 10
-208.534
 20
124.707
 10
-208.493
 20
124.663
 10
-208.454
 20
124.617
 10
-208.418
 20
124.568
 10
-208.385
 20
124.517
 10
-208.356
 20
124.465
 10
-208.329
 20
124.41
 10
-208.306
 20
124.355
 10
-208.286
 20
124.298
 10
-208.27
 20
124.239
 10
-208.258
 20
124.18
 10
-208.248
 20
124.121
 10
-208.243
 20
124.06
 10
-208.241
 20
124.0
 10
-208.241
 20
123.5
 10
-208.243
 20
123.44
 10
-208.248
 20
123.379
 10
-208.258
 20
123.32
 10
-208.27
 20
123.261
 10
-208.286
 20
123.202
 10
-208.306
 20
123.145
 10
-208.329
 20
123.09
 10
-208.356
 20
123.035
 10
-208.385
 20
122.983
 10
-208.418
 20
122.932
 10
-208.454
 20
122.883
 10
-208.493
 20
122.837
 10
-208.534
 20
122.793
 10
-208.578
 20
122.751
 10
-208.624
 20
122.713
 10
-208.673
 20
122.677
 10
-208.724
 20
122.644
 10
-208.776
 20
122.615
 10
-208.831
 20
122.588
 10
-208.887
 20
122.565
 10
-208.944
 20
122.545
 10
-209.002
 20
122.529
 10
-209.061
 20
122.516
 10
-209.121
 20
122.507
 10
-209.181
 20
122.502
 10
-209.241
 20
122.5
 10
-212.191
 20
122.5
 10
-212.342
 20
122.495
 10
-212.493
 20
122.482
 10
-212.642
 20
122.459
 10
-212.789
 20
122.427
 10
-212.935
 20
122.387
 10
-213.078
 20
122.338
 10
-213.217
 20
122.28
 10
-213.353
 20
122.214
 10
-213.485
 20
122.139
 10
-213.611
 20
122.057
 10
-213.733
 20
121.968
 10
-213.849
 20
121.871
 10
-213.959
 20
121.768
 10
-214.062
 20
121.658
 10
-214.159
 20
121.542
 10
-214.249
 20
121.42
 10
-214.331
 20
121.293
 10
-214.405
 20
121.162
 10
-214.471
 20
121.026
 10
-214.529
 20
120.887
 10
-214.578
 20
120.744
 10
-214.619
 20
120.598
 10
-214.65
 20
120.451
 10
-214.673
 20
120.301
 10
-214.687
 20
120.151
 10
-214.691
 20
120.0
 10
-214.687
 20
119.849
 10
-214.673
 20
119.699
 10
-214.65
 20
119.549
 10
-214.619
 20
119.402
 10
-214.578
 20
119.256
 10
-214.529
 20
119.113
 10
-214.471
 20
118.974
 10
-214.405
 20
118.838
 10
-214.331
 20
118.707
 10
-214.249
 20
118.58
 10
-214.159
 20
118.458
 10
-214.062
 20
118.342
 10
-213.959
 20
118.232
 10
-213.849
 20
118.129
 10
-213.733
 20
118.032
 10
-213.611
 20
117.943
 10
-213.485
 20
117.861
 10
-213.353
 20
117.786
 10
-213.217
 20
117.72
 10
-213.078
 20
117.662
 10
-212.935
 20
117.613
 10
-212.789
 20
117.573
 10
-212.642
 20
117.541
 10
-212.493
 20
117.518
 10
-212.342
 20
117.505
 10
-212.191
 20
117.5
 10
-202.191
 20
117.5
 10
-202.04
 20
117.505
 10
-201.89
 20
117.518
 10
-201.741
 20
117.541
 10
-201.593
 20
117.573
 10
-201.447
 20
117.613
 10
-201.305
 20
117.662
 10
-201.165
 20
117.72
 10
-201.029
 20
117.786
 10
-200.898
 20
117.861
 10
-200.771
 20
117.943
 10
-200.649
 20
118.032
 10
-200.533
 20
118.129
 10
-200.423
 20
118.232
 10
-200.32
 20
118.342
 10
-200.223
 20
118.458
 10
-200.134
 20
118.58
 10
-200.052
 20
118.707
 10
-199.978
 20
118.838
 10
-199.911
 20
118.974
 10
-199.854
 20
119.113
 10
-199.804
 20
119.256
 10
-199.764
 20
119.402
 10
-199.732
 20
119.549
 10
-199.709
 20
119.699
 10
-199.696
 20
119.849
 10
-199.691
 20
120.0
 10
-199.696
 20
120.151
 10
-199.709
 20
120.301
 10
-199.732
 20
120.451
 10
-199.764
 20
120.598
 10
-199.804
 20
120.744
 10
-199.854
 20
120.887
 10
-199.911
 20
121.026
 10
-199.978
 20
121.162
 10
-200.052
 20
121.293
 10
-200.134
 20
121.42
 10
-200.223
 20
121.542
 10
-200.32
 20
121.658
 10
-200.423
 20
121.768
 10
-200.533
 20
121.871
 10
-200.649
 20
121.968
 10
-200.771
 20
122.057
 10
-200.898
 20
122.139
 10
-201.029
 20
122.214
 10
-201.165
 20
122.28
 10
-201.305
 20
122.338
 10
-201.447
 20
122.387
 10
-201.593
 20
122.427
 10
-201.741
 20
122.459
 10
-201.89
 20
122.482
 10
-202.04
 20
122.495
 10
-202.191
 20
122.5
 10
-205.141
 20
122.5
 10
-205.202
 20
122.502
 10
-205.262
 20
122.507
 10
-205.321
 20
122.516
 10
-205.381
 20
122.529
 10
-205.439
 20
122.545
 10
-205.496
 20
122.565
 10
-205.552
 20
122.588
 10
-205.606
 20
122.615
 10
-205.659
 20
122.644
 10
-205.709
 20
122.677
 10
-205.758
 20
122.713
 10
-205.804
 20
122.751
 10
-205.848
 20
122.793
 10
-205.89
 20
122.837
 10
-205.928
 20
122.883
 10
-205.964
 20
122.932
 10
-205.997
 20
122.983
 10
-206.027
 20
123.035
 10
-206.053
 20
123.09
 10
-206.076
 20
123.145
 10
-206.096
 20
123.202
 10
-206.112
 20
123.261
 10
-206.125
 20
123.32
 10
-206.134
 20
123.379
 10
-206.139
 20
123.44
 10
-206.141
 20
123.5
 10
-206.141
 20
124.0
 10
-206.139
 20
124.06
 10
-206.134
 20
124.121
 10
-206.125
 20
124.18
 10
-206.112
 20
124.239
 10
-206.096
 20
124.298
 10
-206.076
 20
124.355
 10
-206.053
 20
124.41
 10
-206.027
 20
124.465
 10
-205.997
 20
124.517
 10
-205.964
 20
124.568
 10
-205.928
 20
124.617
 10
-205.89
 20
124.663
 10
-205.848
 20
124.707
 10
-205.804
 20
124.749
 10
-205.758
 20
124.787
 10
-205.709
 20
124.823
 10
-205.659
 20
124.856
 10
-205.606
 20
124.885
 10
-205.552
 20
124.912
 10
-205.496
 20
124.935
 10
-205.439
 20
124.955
 10
-205.381
 20
124.971
 10
-205.321
 20
124.984
 10
-205.262
 20
124.993
 10
-205.202
 20
124.998
 10
-205.141
 20
125.0
 10
-201.396
 20
125.0
 10
-198.419
 20
124.911
 10
-195.452
 20
124.645
 10
-192.506
 20
124.203
 10
-189.591
 20
123.586
 10
-186.719
 20
122.797
 10
-183.898
 20
121.838
 10
-181.14
 20
120.713
 10
-178.454
 20
119.426
 10
-175.849
 20
117.98
 10
-173.335
 20
116.383
 10
-170.92
 20
114.638
 10
-168.613
 20
112.753
 10
-166.423
 20
110.733
 10
-66.505
 20
12.941
 10
-66.081
 20
12.5
 10
-65.685
 20
12.033
 10
-65.317
 20
11.543
 10
-64.98100000000001
 20
11.032
 10
-64.676
 20
10.5
 10
-64.405
 20
9.952
 10
-64.168
 20
9.387
 10
-63.965
 20
8.809
 10
-63.799
 20
8.22
 10
-63.668
 20
7.622000000000001
 10
-63.575
 20
7.017
 10
-63.519
 20
6.407
 10
-63.5
 20
5.795
 10
-63.5
 20
3.5
 10
-63.502
 20
3.437
 10
-63.508
 20
3.375
 10
-63.518
 20
3.313
 10
-63.53100000000001
 20
3.251
 10
-63.549
 20
3.191
 10
-63.57
 20
3.132
 10
-63.595
 20
3.074
 10
-63.624
 20
3.018
 10
-63.65600000000001
 20
2.964
 10
-63.691
 20
2.912
 10
-63.729
 20
2.863
 10
-63.771
 20
2.815
 10
-63.815
 20
2.771
 10
-63.863
 20
2.729
 10
-63.912
 20
2.691
 10
-63.964
 20
2.656
 10
-64.018
 20
2.624
 10
-64.074
 20
2.595
 10
-64.132
 20
2.57
 10
-64.191
 20
2.549
 10
-64.251
 20
2.531
 10
-64.313
 20
2.518
 10
-64.375
 20
2.508
 10
-64.437
 20
2.502
 10
-64.5
 20
2.5
 10
-73.5
 20
2.5
 10
-73.65100000000001
 20
2.495
 10
-73.801
 20
2.482
 10
-73.95100000000001
 20
2.459
 10
-74.098
 20
2.427
 10
-74.244
 20
2.387
 10
-74.387
 20
2.338
 10
-74.52600000000001
 20
2.28
 10
-74.66199999999999
 20
2.214
 10
-74.793
 20
2.139
 10
-74.92
 20
2.057
 10
-75.042
 20
1.968
 10
-75.158
 20
1.871
 10
-75.268
 20
1.768
 10
-75.37100000000001
 20
1.658
 10
-75.468
 20
1.542
 10
-75.557
 20
1.42
 10
-75.639
 20
1.293
 10
-75.714
 20
1.162
 10
-75.78
 20
1.026
 10
-75.83800000000001
 20
0.887
 10
-75.887
 20
0.7440000000000001
 10
-75.92699999999999
 20
0.598
 10
-75.959
 20
0.451
 10
-75.982
 20
0.301
 10
-75.995
 20
0.151
 10
-76.0
 20
0.0
 10
-75.995
 20
-0.151
 10
-75.982
 20
-0.301
 10
-75.959
 20
-0.451
 10
-75.92699999999999
 20
-0.598
 10
-75.887
 20
-0.7440000000000001
 10
-75.83800000000001
 20
-0.887
 10
-75.78
 20
-1.026
 10
-75.714
 20
-1.162
 10
-75.639
 20
-1.293
 10
-75.557
 20
-1.42
 10
-75.468
 20
-1.542
 10
-75.37100000000001
 20
-1.658
 10
-75.268
 20
-1.768
 10
-75.158
 20
-1.871
 10
-75.042
 20
-1.968
 10
-74.92
 20
-2.057
 10
-74.793
 20
-2.139
 10
-74.66199999999999
 20
-2.214
 10
-74.52600000000001
 20
-2.28
 10
-74.387
 20
-2.338
 10
-74.244
 20
-2.387
 10
-74.098
 20
-2.427
 10
-73.95100000000001
 20
-2.459
 10
-73.801
 20
-2.482
 10
-73.65100000000001
 20
-2.495
 10
-73.5
 20
-2.5
 10
-64.5
 20
-2.5
 10
-64.437
 20
-2.502
 10
-64.375
 20
-2.508
 10
-64.313
 20
-2.518
 10
-64.251
 20
-2.531
 10
-64.191
 20
-2.549
 10
-64.132
 20
-2.57
 10
-64.074
 20
-2.595
 10
-64.018
 20
-2.624
 10
-63.964
 20
-2.656
 10
-63.912
 20
-2.691
 10
-63.863
 20
-2.729
 10
-63.815
 20
-2.771
 10
-63.771
 20
-2.815
 10
-63.729
 20
-2.863
 10
-63.691
 20
-2.912
 10
-63.65600000000001
 20
-2.964
 10
-63.624
 20
-3.018
 10
-63.595
 20
-3.074
 10
-63.57
 20
-3.132
 10
-63.549
 20
-3.191
 10
-63.53100000000001
 20
-3.251
 10
-63.518
 20
-3.313
 10
-63.508
 20
-3.375
 10
-63.502
 20
-3.437
 10
-63.5
 20
-3.5
 10
-63.5
 20
-5.795
 10
-63.519
 20
-6.407
 10
-63.575
 20
-7.017
 10
-63.668
 20
-7.622000000000001
 10
-63.799
 20
-8.22
 10
-63.965
 20
-8.809
 10
-64.168
 20
-9.387
 10
-64.405
 20
-9.952
 10
-64.676
 20
-10.5
 10
-64.98100000000001
 20
-11.032
 10
-65.317
 20
-11.543
 10
-65.685
 20
-12.033
 10
-66.081
 20
-12.5
 10
-66.505
 20
-12.941
 10
-166.423
 20
-110.733
 10
-168.613
 20
-112.753
 10
-170.92
 20
-114.638
 10
-173.335
 20
-116.383
 10
-175.849
 20
-117.98
 10
-178.454
 20
-119.426
 10
-181.14
 20
-120.713
 10
-183.898
 20
-121.838
 10
-186.719
 20
-122.797
 10
-189.591
 20
-123.586
 10
-192.506
 20
-124.203
 10
-195.452
 20
-124.645
 10
-198.419
 20
-124.911
 10
-201.396
 20
-125.0
 10
-205.141
 20
-125.0
 10
-205.202
 20
-124.998
 10
-205.262
 20
-124.993
 10
-205.321
 20
-124.984
 10
-205.381
 20
-124.971
 10
-205.439
 20
-124.955
 10
-205.496
 20
-124.935
 10
-205.552
 20
-124.912
 10
-205.606
 20
-124.885
 10
-205.659
 20
-124.856
 10
-205.709
 20
-124.823
 10
-205.758
 20
-124.787
 10
-205.804
 20
-124.749
 10
-205.848
 20
-124.707
 10
-205.89
 20
-124.663
 10
-205.928
 20
-124.617
 10
-205.964
 20
-124.568
 10
-205.997
 20
-124.517
 10
-206.027
 20
-124.465
 10
-206.053
 20
-124.41
 10
-206.076
 20
-124.355
 10
-206.096
 20
-124.298
 10
-206.112
 20
-124.239
 10
-206.125
 20
-124.18
 10
-206.134
 20
-124.121
 10
-206.139
 20
-124.06
 10
-206.141
 20
-124.0
 10
-206.141
 20
-123.5
 10
-206.139
 20
-123.44
 10
-206.134
 20
-123.379
 10
-206.125
 20
-123.32
 10
-206.112
 20
-123.261
 10
-206.096
 20
-123.202
 10
-206.076
 20
-123.145
 10
-206.053
 20
-123.09
 10
-206.027
 20
-123.035
 10
-205.997
 20
-122.983
 10
-205.964
 20
-122.932
 10
-205.928
 20
-122.883
 10
-205.89
 20
-122.837
 10
-205.848
 20
-122.793
 10
-205.804
 20
-122.751
 10
-205.758
 20
-122.713
 10
-205.709
 20
-122.677
 10
-205.659
 20
-122.644
 10
-205.606
 20
-122.615
 10
-205.552
 20
-122.588
 10
-205.496
 20
-122.565
 10
-205.439
 20
-122.545
 10
-205.381
 20
-122.529
 10
-205.321
 20
-122.516
 10
-205.262
 20
-122.507
 10
-205.202
 20
-122.502
 10
-205.141
 20
-122.5
 10
-202.191
 20
-122.5
 10
-202.04
 20
-122.495
 10
-201.89
 20
-122.482
 10
-201.741
 20
-122.459
 10
-201.593
 20
-122.427
 10
-201.447
 20
-122.387
 10
-201.305
 20
-122.338
 10
-201.165
 20
-122.28
 10
-201.029
 20
-122.214
 10
-200.898
 20
-122.139
 10
-200.771
 20
-122.057
 10
-200.649
 20
-121.968
 10
-200.533
 20
-121.871
 10
-200.423
 20
-121.768
 10
-200.32
 20
-121.658
 10
-200.223
 20
-121.542
 10
-200.134
 20
-121.42
 10
-200.052
 20
-121.293
 10
-199.978
 20
-121.162
 10
-199.911
 20
-121.026
 10
-199.854
 20
-120.887
 10
-199.804
 20
-120.744
 10
-199.764
 20
-120.598
 10
-199.732
 20
-120.451
 10
-199.709
 20
-120.301
 10
-199.696
 20
-120.151
 10
-199.691
 20
-120.0
 10
-199.696
 20
-119.849
 10
-199.709
 20
-119.699
 10
-199.732
 20
-119.549
 10
-199.764
 20
-119.402
 10
-199.804
 20
-119.256
 10
-199.854
 20
-119.113
 10
-199.911
 20
-118.974
 10
-199.978
 20
-118.838
 10
-200.052
 20
-118.707
 10
-200.134
 20
-118.58
 10
-200.223
 20
-118.458
 10
-200.32
 20
-118.342
 10
-200.423
 20
-118.232
 10
-200.533
 20
-118.129
 10
-200.649
 20
-118.032
 10
-200.771
 20
-117.943
 10
-200.898
 20
-117.861
 10
-201.029
 20
-117.786
 10
-201.165
 20
-117.72
 10
-201.305
 20
-117.662
 10
-201.447
 20
-117.613
 10
-201.593
 20
-117.573
 10
-201.741
 20
-117.541
 10
-201.89
 20
-117.518
 10
-202.04
 20
-117.505
 10
-202.191
 20
-117.5
 10
-212.191
 20
-117.5
 10
-212.342
 20
-117.505
 10
-212.493
 20
-117.518
 10
-212.642
 20
-117.541
 10
-212.789
 20
-117.573
 10
-212.935
 20
-117.613
 10
-213.078
 20
-117.662
 10
-213.217
 20
-117.72
 10
-213.353
 20
-117.786
 10
-213.485
 20
-117.861
 10
-213.611
 20
-117.943
 10
-213.733
 20
-118.032
 10
-213.849
 20
-118.129
 10
-213.959
 20
-118.232
 10
-214.062
 20
-118.342
 10
-214.159
 20
-118.458
 10
-214.249
 20
-118.58
 10
-214.331
 20
-118.707
 10
-214.405
 20
-118.838
 10
-214.471
 20
-118.974
 10
-214.529
 20
-119.113
 10
-214.578
 20
-119.256
 10
-214.619
 20
-119.402
 10
-214.65
 20
-119.549
 10
-214.673
 20
-119.699
 10
-214.687
 20
-119.849
 10
-214.691
 20
-120.0
 10
-214.687
 20
-120.151
 10
-214.673
 20
-120.301
 10
-214.65
 20
-120.451
 10
-214.619
 20
-120.598
 10
-214.578
 20
-120.744
 10
-214.529
 20
-120.887
 10
-214.471
 20
-121.026
 10
-214.405
 20
-121.162
 10
-214.331
 20
-121.293
 10
-214.249
 20
-121.42
 10
-214.159
 20
-121.542
 10
-214.062
 20
-121.658
 10
-213.959
 20
-121.768
 10
-213.849
 20
-121.871
 10
-213.733
 20
-121.968
 10
-213.611
 20
-122.057
 10
-213.485
 20
-122.139
 10
-213.353
 20
-122.214
 10
-213.217
 20
-122.28
 10
-213.078
 20
-122.338
 10
-212.935
 20
-122.387
 10
-212.789
 20
-122.427
 10
-212.642
 20
-122.459
 10
-212.493
 20
-122.482
 10
-212.342
 20
-122.495
 10
-212.191
 20
-122.5
 10
-209.241
 20
-122.5
 10
-209.181
 20
-122.502
 10
-209.121
 20
-122.507
 10
-209.061
 20
-122.516
 10
-209.002
 20
-122.529
 10
-208.944
 20
-122.545
 10
-208.887
 20
-122.565
 10
-208.831
 20
-122.588
 10
-208.776
 20
-122.615
 10
-208.724
 20
-122.644
 10
-208.673
 20
-122.677
 10
-208.624
 20
-122.713
 10
-208.578
 20
-122.751
 10
-208.534
 20
-122.793
 10
-208.493
 20
-122.837
 10
-208.454
 20
-122.883
 10
-208.418
 20
-122.932
 10
-208.385
 20
-122.983
 10
-208.356
 20
-123.035
 10
-208.329
 20
-123.09
 10
-208.306
 20
-123.145
 10
-208.286
 20
-123.202
 10
-208.27
 20
-123.261
 10
-208.258
 20
-123.32
 10
-208.248
 20
-123.379
 10
-208.243
 20
-123.44
 10
-208.241
 20
-123.5
 10
-208.241
 20
-124.0
 10
-208.243
 20
-124.06
 10
-208.248
 20
-124.121
 10
-208.258
 20
-124.18
 10
-208.27
 20
-124.239
 10
-208.286
 20
-124.298
 10
-208.306
 20
-124.355
 10
-208.329
 20
-124.41
 10
-208.356
 20
-124.465
 10
-208.385
 20
-124.517
 10
-208.418
 20
-124.568
 10
-208.454
 20
-124.617
 10
-208.493
 20
-124.663
 10
-208.534
 20
-124.707
 10
-208.578
 20
-124.749
 10
-208.624
 20
-124.787
 10
-208.673
 20
-124.823
 10
-208.724
 20
-124.856
 10
-208.776
 20
-124.885
 10
-208.831
 20
-124.912
 10
-208.887
 20
-124.935
 10
-208.944
 20
-124.955
 10
-209.002
 20
-124.971
 10
-209.061
 20
-124.984
 10
-209.121
 20
-124.993
 10
-209.181
 20
-124.998
 10
-209.241
 20
-125.0
  0
LWPOLYLINE
  5
719
330
6F
100
AcDbEntity
  8
L7D1800
100
AcDbPolyline
 90
      482
 70
     1
 43
0.0
 10
-5.795
 20
63.5
 10
-6.407
 20
63.519
 10
-7.017
 20
63.575
 10
-7.622000000000001
 20
63.668
 10
-8.22
 20
63.799
 10
-8.809
 20
63.965
 10
-9.387
 20
64.168
 10
-9.952
 20
64.405
 10
-10.5
 20
64.676
 10
-11.032
 20
64.98100000000001
 10
-11.543
 20
65.317
 10
-12.033
 20
65.685
 10
-12.5
 20
66.081
 10
-12.941
 20
66.505
 10
-110.733
 20
166.423
 10
-112.753
 20
168.613
 10
-114.638
 20
170.92
 10
-116.383
 20
173.335
 10
-117.98
 20
175.849
 10
-119.426
 20
178.454
 10
-120.713
 20
181.14
 10
-121.838
 20
183.898
 10
-122.797
 20
186.719
 10
-123.586
 20
189.591
 10
-124.203
 20
192.506
 10
-124.645
 20
195.452
 10
-124.911
 20
198.419
 10
-125.0
 20
201.396
 10
-125.0
 20
203.691
 10
-124.998
 20
203.752
 10
-124.993
 20
203.812
 10
-124.984
 20
203.871
 10
-124.971
 20
203.931
 10
-124.955
 20
203.989
 10
-124.935
 20
204.046
 10
-124.912
 20
204.102
 10
-124.885
 20
204.156
 10
-124.856
 20
204.209
 10
-124.823
 20
204.259
 10
-124.787
 20
204.308
 10
-124.749
 20
204.354
 10
-124.707
 20
204.398
 10
-124.663
 20
204.44
 10
-124.617
 20
204.478
 10
-124.568
 20
204.514
 10
-124.517
 20
204.547
 10
-124.465
 20
204.577
 10
-124.41
 20
204.603
 10
-124.355
 20
204.626
 10
-124.298
 20
204.646
 10
-124.239
 20
204.662
 10
-124.18
 20
204.675
 10
-124.121
 20
204.684
 10
-124.06
 20
204.689
 10
-124.0
 20
204.691
 10
-115.0
 20
204.691
 10
-114.843
 20
204.696
 10
-114.687
 20
204.711
 10
-114.532
 20
204.735
 10
-114.378
 20
204.77
 10
-114.227
 20
204.814
 10
-114.08
 20
204.867
 10
-113.936
 20
204.929
 10
-113.796
 20
205.0
 10
-113.66
 20
205.08
 10
-113.531
 20
205.169
 10
-113.406
 20
205.265
 10
-113.289
 20
205.369
 10
-113.178
 20
205.48
 10
-113.074
 20
205.598
 10
-112.977
 20
205.722
 10
-112.889
 20
205.852
 10
-112.809
 20
205.987
 10
-112.738
 20
206.127
 10
-112.676
 20
206.271
 10
-112.622
 20
206.419
 10
-112.579
 20
206.569
 10
-112.544
 20
206.723
 10
-112.52
 20
206.878
 10
-112.505
 20
207.034
 10
-112.5
 20
207.191
 10
-112.505
 20
207.342
 10
-112.518
 20
207.493
 10
-112.541
 20
207.642
 10
-112.573
 20
207.789
 10
-112.613
 20
207.935
 10
-112.662
 20
208.078
 10
-112.72
 20
208.217
 10
-112.786
 20
208.353
 10
-112.861
 20
208.485
 10
-112.943
 20
208.611
 10
-113.032
 20
208.733
 10
-113.129
 20
208.849
 10
-113.232
 20
208.959
 10
-113.342
 20
209.062
 10
-113.458
 20
209.159
 10
-113.58
 20
209.249
 10
-113.707
 20
209.331
 10
-113.838
 20
209.405
 10
-113.974
 20
209.471
 10
-114.113
 20
209.529
 10
-114.256
 20
209.578
 10
-114.402
 20
209.619
 10
-114.549
 20
209.65
 10
-114.699
 20
209.673
 10
-114.849
 20
209.687
 10
-115.0
 20
209.691
 10
-124.0
 20
209.691
 10
-124.06
 20
209.693
 10
-124.121
 20
209.698
 10
-124.18
 20
209.708
 10
-124.239
 20
209.72
 10
-124.298
 20
209.736
 10
-124.355
 20
209.756
 10
-124.41
 20
209.779
 10
-124.465
 20
209.806
 10
-124.517
 20
209.835
 10
-124.568
 20
209.868
 10
-124.617
 20
209.904
 10
-124.663
 20
209.943
 10
-124.707
 20
209.984
 10
-124.749
 20
210.028
 10
-124.787
 20
210.074
 10
-124.823
 20
210.123
 10
-124.856
 20
210.174
 10
-124.885
 20
210.226
 10
-124.912
 20
210.281
 10
-124.935
 20
210.337
 10
-124.955
 20
210.394
 10
-124.971
 20
210.452
 10
-124.984
 20
210.511
 10
-124.993
 20
210.571
 10
-124.998
 20
210.631
 10
-125.0
 20
210.691
 10
-125.0
 20
971.0
 10
-124.909
 20
974.0189999999999
 10
-124.635
 20
977.0269999999999
 10
-124.181
 20
980.013
 10
-123.547
 20
982.966
 10
-122.736
 20
985.875
 10
-121.751
 20
988.73
 10
-120.595
 20
991.5210000000001
 10
-119.273
 20
994.2360000000001
 10
-117.789
 20
996.867
 10
-116.149
 20
999.403
 10
-114.359
 20
1001.836
 10
-112.426
 20
1004.156
 10
-110.355
 20
1006.355
 10
-108.156
 20
1008.426
 10
-105.836
 20
1010.359
 10
-103.403
 20
1012.149
 10
-100.867
 20
1013.789
 10
-98.236
 20
1015.273
 10
-95.521
 20
1016.595
 10
-92.73
 20
1017.751
 10
-89.875
 20
1018.736
 10
-86.96600000000001
 20
1019.547
 10
-84.01299999999999
 20
1020.181
 10
-81.027
 20
1020.635
 10
-78.01899999999999
 20
1020.909
 10
-75.0
 20
1021.0
 10
75.0
 20
1021.0
 10
78.01899999999999
 20
1020.909
 10
81.027
 20
1020.635
 10
84.01299999999999
 20
1020.181
 10
86.96600000000001
 20
1019.547
 10
89.875
 20
1018.736
 10
92.73
 20
1017.751
 10
95.521
 20
1016.595
 10
98.236
 20
1015.273
 10
100.867
 20
1013.789
 10
103.403
 20
1012.149
 10
105.836
 20
1010.359
 10
108.156
 20
1008.426
 10
110.355
 20
1006.355
 10
112.426
 20
1004.156
 10
114.359
 20
1001.836
 10
116.149
 20
999.403
 10
117.789
 20
996.867
 10
119.273
 20
994.2360000000001
 10
120.595
 20
991.5210000000001
 10
121.751
 20
988.73
 10
122.736
 20
985.875
 10
123.547
 20
982.966
 10
124.181
 20
980.013
 10
124.635
 20
977.0269999999999
 10
124.909
 20
974.0189999999999
 10
125.0
 20
971.0
 10
125.0
 20
201.396
 10
124.902
 20
198.272
 10
124.609
 20
195.159
 10
124.123
 20
192.071
 10
123.444
 20
189.019
 10
122.576
 20
186.016
 10
121.522
 20
183.073
 10
120.286
 20
180.202
 10
118.872
 20
177.413
 10
117.288
 20
174.718
 10
100.733
 20
174.718
 10
100.582
 20
174.713
 10
100.432
 20
174.7
 10
100.283
 20
174.677
 10
100.135
 20
174.645
 10
99.99
 20
174.605
 10
99.84700000000001
 20
174.556
 10
99.70700000000001
 20
174.498
 10
99.572
 20
174.432
 10
99.44
 20
174.357
 10
99.31299999999999
 20
174.275
 10
99.19200000000001
 20
174.186
 10
99.07600000000001
 20
174.089
 10
98.96600000000001
 20
173.986
 10
98.86200000000001
 20
173.876
 10
98.765
 20
173.76
 10
98.676
 20
173.638
 10
98.594
 20
173.511
 10
98.52
 20
173.38
 10
98.454
 20
173.244
 10
98.396
 20
173.105
 10
98.34700000000001
 20
172.962
 10
98.306
 20
172.816
 10
98.274
 20
172.669
 10
98.25200000000001
 20
172.519
 10
98.238
 20
172.369
 10
98.23299999999999
 20
172.218
 10
98.238
 20
172.067
 10
98.25200000000001
 20
171.917
 10
98.274
 20
171.767
 10
98.306
 20
171.62
 10
98.34700000000001
 20
171.474
 10
98.396
 20
171.332
 10
98.454
 20
171.192
 10
98.52
 20
171.056
 10
98.594
 20
170.925
 10
98.676
 20
170.798
 10
98.765
 20
170.676
 10
98.86200000000001
 20
170.56
 10
98.96600000000001
 20
170.45
 10
99.07600000000001
 20
170.347
 10
99.19200000000001
 20
170.25
 10
99.31299999999999
 20
170.161
 10
99.44
 20
170.079
 10
99.572
 20
170.004
 10
99.70700000000001
 20
169.938
 10
99.84700000000001
 20
169.88
 10
99.99
 20
169.831
 10
100.135
 20
169.791
 10
100.283
 20
169.759
 10
100.432
 20
169.736
 10
100.582
 20
169.723
 10
100.733
 20
169.718
 10
113.684
 20
169.718
 10
112.245
 20
168.038
 10
110.733
 20
166.423
 10
12.941
 20
66.505
 10
12.5
 20
66.081
 10
12.033
 20
65.685
 10
11.543
 20
65.317
 10
11.032
 20
64.98100000000001
 10
10.5
 20
64.676
 10
9.952
 20
64.405
 10
9.387
 20
64.168
 10
8.809
 20
63.965
 10
8.22
 20
63.799
 10
7.622000000000001
 20
63.668
 10
7.017
 20
63.575
 10
6.407
 20
63.519
 10
5.795
 20
63.5
 10
2.05
 20
63.5
 10
1.99
 20
63.502
 10
1.929
 20
63.507
 10
1.87
 20
63.51600000000001
 10
1.811
 20
63.529
 10
1.752
 20
63.545
 10
1.695
 20
63.565
 10
1.64
 20
63.588
 10
1.585
 20
63.615
 10
1.533
 20
63.644
 10
1.482
 20
63.677
 10
1.433
 20
63.713
 10
1.387
 20
63.751
 10
1.343
 20
63.793
 10
1.301
 20
63.837
 10
1.263
 20
63.883
 10
1.227
 20
63.932
 10
1.194
 20
63.983
 10
1.165
 20
64.035
 10
1.138
 20
64.09
 10
1.115
 20
64.145
 10
1.095
 20
64.202
 10
1.079
 20
64.26100000000001
 10
1.066
 20
64.32
 10
1.057
 20
64.37899999999999
 10
1.052
 20
64.44
 10
1.05
 20
64.5
 10
1.05
 20
65.0
 10
1.052
 20
65.06
 10
1.057
 20
65.12100000000001
 10
1.066
 20
65.18
 10
1.079
 20
65.23899999999999
 10
1.095
 20
65.298
 10
1.115
 20
65.355
 10
1.138
 20
65.41
 10
1.165
 20
65.465
 10
1.194
 20
65.517
 10
1.227
 20
65.568
 10
1.263
 20
65.617
 10
1.301
 20
65.663
 10
1.343
 20
65.707
 10
1.387
 20
65.749
 10
1.433
 20
65.78699999999999
 10
1.482
 20
65.82300000000001
 10
1.533
 20
65.85600000000001
 10
1.585
 20
65.885
 10
1.64
 20
65.91199999999999
 10
1.695
 20
65.935
 10
1.752
 20
65.955
 10
1.811
 20
65.971
 10
1.87
 20
65.984
 10
1.929
 20
65.993
 10
1.99
 20
65.998
 10
2.05
 20
66.0
 10
5.0
 20
66.0
 10
5.151
 20
66.005
 10
5.301
 20
66.018
 10
5.451000000000001
 20
66.041
 10
5.598
 20
66.07300000000001
 10
5.744
 20
66.113
 10
5.887
 20
66.16199999999999
 10
6.026
 20
66.22
 10
6.162000000000001
 20
66.286
 10
6.292999999999999
 20
66.361
 10
6.42
 20
66.443
 10
6.542000000000001
 20
66.532
 10
6.657999999999999
 20
66.62899999999999
 10
6.768
 20
66.732
 10
6.871
 20
66.842
 10
6.968
 20
66.958
 10
7.057
 20
67.08
 10
7.138999999999999
 20
67.207
 10
7.214
 20
67.33800000000001
 10
7.28
 20
67.47399999999999
 10
7.337999999999999
 20
67.613
 10
7.387
 20
67.756
 10
7.427
 20
67.902
 10
7.459
 20
68.04899999999999
 10
7.482
 20
68.199
 10
7.495
 20
68.34899999999999
 10
7.5
 20
68.5
 10
7.495
 20
68.65100000000001
 10
7.482
 20
68.801
 10
7.459
 20
68.95100000000001
 10
7.427
 20
69.098
 10
7.387
 20
69.244
 10
7.337999999999999
 20
69.387
 10
7.28
 20
69.52600000000001
 10
7.214
 20
69.66199999999999
 10
7.138999999999999
 20
69.793
 10
7.057
 20
69.92
 10
6.968
 20
70.042
 10
6.871
 20
70.158
 10
6.768
 20
70.268
 10
6.657999999999999
 20
70.37100000000001
 10
6.542000000000001
 20
70.468
 10
6.42
 20
70.557
 10
6.292999999999999
 20
70.639
 10
6.162000000000001
 20
70.714
 10
6.026
 20
70.78
 10
5.887
 20
70.83800000000001
 10
5.744
 20
70.887
 10
5.598
 20
70.92699999999999
 10
5.451000000000001
 20
70.959
 10
5.301
 20
70.982
 10
5.151
 20
70.995
 10
5.0
 20
71.0
 10
-5.0
 20
71.0
 10
-5.151
 20
70.995
 10
-5.301
 20
70.982
 10
-5.451000000000001
 20
70.959
 10
-5.598
 20
70.92699999999999
 10
-5.744
 20
70.887
 10
-5.887
 20
70.83800000000001
 10
-6.026
 20
70.78
 10
-6.162000000000001
 20
70.714
 10
-6.292999999999999
 20
70.639
 10
-6.42
 20
70.557
 10
-6.542000000000001
 20
70.468
 10
-6.657999999999999
 20
70.37100000000001
 10
-6.768
 20
70.268
 10
-6.871
 20
70.158
 10
-6.968
 20
70.042
 10
-7.057
 20
69.92
 10
-7.138999999999999
 20
69.793
 10
-7.214
 20
69.66199999999999
 10
-7.28
 20
69.52600000000001
 10
-7.337999999999999
 20
69.387
 10
-7.387
 20
69.244
 10
-7.427
 20
69.098
 10
-7.459
 20
68.95100000000001
 10
-7.482
 20
68.801
 10
-7.495
 20
68.65100000000001
 10
-7.5
 20
68.5
 10
-7.495
 20
68.34899999999999
 10
-7.482
 20
68.199
 10
-7.459
 20
68.04899999999999
 10
-7.427
 20
67.902
 10
-7.387
 20
67.756
 10
-7.337999999999999
 20
67.613
 10
-7.28
 20
67.47399999999999
 10
-7.214
 20
67.33800000000001
 10
-7.138999999999999
 20
67.207
 10
-7.057
 20
67.08
 10
-6.968
 20
66.958
 10
-6.871
 20
66.842
 10
-6.768
 20
66.732
 10
-6.657999999999999
 20
66.62899999999999
 10
-6.542000000000001
 20
66.532
 10
-6.42
 20
66.443
 10
-6.292999999999999
 20
66.361
 10
-6.162000000000001
 20
66.286
 10
-6.026
 20
66.22
 10
-5.887
 20
66.16199999999999
 10
-5.744
 20
66.113
 10
-5.598
 20
66.07300000000001
 10
-5.451000000000001
 20
66.041
 10
-5.301
 20
66.018
 10
-5.151
 20
66.005
 10
-5.0
 20
66.0
 10
-2.05
 20
66.0
 10
-1.99
 20
65.998
 10
-1.929
 20
65.993
 10
-1.87
 20
65.984
 10
-1.811
 20
65.971
 10
-1.752
 20
65.955
 10
-1.695
 20
65.935
 10
-1.64
 20
65.91199999999999
 10
-1.585
 20
65.885
 10
-1.533
 20
65.85600000000001
 10
-1.482
 20
65.82300000000001
 10
-1.433
 20
65.78699999999999
 10
-1.387
 20
65.749
 10
-1.343
 20
65.707
 10
-1.301
 20
65.663
 10
-1.263
 20
65.617
 10
-1.227
 20
65.568
 10
-1.194
 20
65.517
 10
-1.165
 20
65.465
 10
-1.138
 20
65.41
 10
-1.115
 20
65.355
 10
-1.095
 20
65.298
 10
-1.079
 20
65.23899999999999
 10
-1.066
 20
65.18
 10
-1.057
 20
65.12100000000001
 10
-1.052
 20
65.06
 10
-1.05
 20
65.0
 10
-1.05
 20
64.5
 10
-1.052
 20
64.44
 10
-1.057
 20
64.37899999999999
 10
-1.066
 20
64.32
 10
-1.079
 20
64.26100000000001
 10
-1.095
 20
64.202
 10
-1.115
 20
64.145
 10
-1.138
 20
64.09
 10
-1.165
 20
64.035
 10
-1.194
 20
63.983
 10
-1.227
 20
63.932
 10
-1.263
 20
63.883
 10
-1.301
 20
63.837
 10
-1.343
 20
63.793
 10
-1.387
 20
63.751
 10
-1.433
 20
63.713
 10
-1.482
 20
63.677
 10
-1.533
 20
63.644
 10
-1.585
 20
63.615
 10
-1.64
 20
63.588
 10
-1.695
 20
63.565
 10
-1.752
 20
63.545
 10
-1.811
 20
63.529
 10
-1.87
 20
63.51600000000001
 10
-1.929
 20
63.507
 10
-1.99
 20
63.502
 10
-2.05
 20
63.5
  0
LWPOLYLINE
  5
8FD
330
6F
100
AcDbEntity
  8
L7D1800
100
AcDbPolyline
 90
      482
 70
     1
 43
0.0
 10
-75.0
 20
-1021.0
 10
-78.01899999999999
 20
-1020.909
 10
-81.027
 20
-1020.635
 10
-84.01299999999999
 20
-1020.181
 10
-86.96600000000001
 20
-1019.547
 10
-89.875
 20
-1018.736
 10
-92.73
 20
-1017.751
 10
-95.521
 20
-1016.595
 10
-98.236
 20
-1015.273
 10
-100.867
 20
-1013.789
 10
-103.403
 20
-1012.149
 10
-105.836
 20
-1010.359
 10
-108.156
 20
-1008.426
 10
-110.355
 20
-1006.355
 10
-112.426
 20
-1004.156
 10
-114.359
 20
-1001.836
 10
-116.149
 20
-999.403
 10
-117.789
 20
-996.867
 10
-119.273
 20
-994.2360000000001
 10
-120.595
 20
-991.5210000000001
 10
-121.751
 20
-988.73
 10
-122.736
 20
-985.875
 10
-123.547
 20
-982.966
 10
-124.181
 20
-980.013
 10
-124.635
 20
-977.0269999999999
 10
-124.909
 20
-974.0189999999999
 10
-125.0
 20
-971.0
 10
-125.0
 20
-210.691
 10
-124.998
 20
-210.631
 10
-124.993
 20
-210.571
 10
-124.984
 20
-210.511
 10
-124.971
 20
-210.452
 10
-124.955
 20
-210.394
 10
-124.935
 20
-210.337
 10
-124.912
 20
-210.281
 10
-124.885
 20
-210.226
 10
-124.856
 20
-210.174
 10
-124.823
 20
-210.123
 10
-124.787
 20
-210.074
 10
-124.749
 20
-210.028
 10
-124.707
 20
-209.984
 10
-124.663
 20
-209.943
 10
-124.617
 20
-209.904
 10
-124.568
 20
-209.868
 10
-124.517
 20
-209.835
 10
-124.465
 20
-209.806
 10
-124.41
 20
-209.779
 10
-124.355
 20
-209.756
 10
-124.298
 20
-209.736
 10
-124.239
 20
-209.72
 10
-124.18
 20
-209.708
 10
-124.121
 20
-209.698
 10
-124.06
 20
-209.693
 10
-124.0
 20
-209.691
 10
-115.0
 20
-209.691
 10
-114.849
 20
-209.687
 10
-114.699
 20
-209.673
 10
-114.549
 20
-209.65
 10
-114.402
 20
-209.619
 10
-114.256
 20
-209.578
 10
-114.113
 20
-209.529
 10
-113.974
 20
-209.471
 10
-113.838
 20
-209.405
 10
-113.707
 20
-209.331
 10
-113.58
 20
-209.249
 10
-113.458
 20
-209.159
 10
-113.342
 20
-209.062
 10
-113.232
 20
-208.959
 10
-113.129
 20
-208.849
 10
-113.032
 20
-208.733
 10
-112.943
 20
-208.611
 10
-112.861
 20
-208.485
 10
-112.786
 20
-208.353
 10
-112.72
 20
-208.217
 10
-112.662
 20
-208.078
 10
-112.613
 20
-207.935
 10
-112.573
 20
-207.789
 10
-112.541
 20
-207.642
 10
-112.518
 20
-207.493
 10
-112.505
 20
-207.342
 10
-112.5
 20
-207.191
 10
-112.505
 20
-207.034
 10
-112.52
 20
-206.878
 10
-112.544
 20
-206.723
 10
-112.579
 20
-206.569
 10
-112.622
 20
-206.419
 10
-112.676
 20
-206.271
 10
-112.738
 20
-206.127
 10
-112.809
 20
-205.987
 10
-112.889
 20
-205.852
 10
-112.977
 20
-205.722
 10
-113.074
 20
-205.598
 10
-113.178
 20
-205.48
 10
-113.289
 20
-205.369
 10
-113.406
 20
-205.265
 10
-113.531
 20
-205.169
 10
-113.66
 20
-205.08
 10
-113.796
 20
-205.0
 10
-113.936
 20
-204.929
 10
-114.08
 20
-204.867
 10
-114.227
 20
-204.814
 10
-114.378
 20
-204.77
 10
-114.532
 20
-204.735
 10
-114.687
 20
-204.711
 10
-114.843
 20
-204.696
 10
-115.0
 20
-204.691
 10
-124.0
 20
-204.691
 10
-124.06
 20
-204.689
 10
-124.121
 20
-204.684
 10
-124.18
 20
-204.675
 10
-124.239
 20
-204.662
 10
-124.298
 20
-204.646
 10
-124.355
 20
-204.626
 10
-124.41
 20
-204.603
 10
-124.465
 20
-204.577
 10
-124.517
 20
-204.547
 10
-124.568
 20
-204.514
 10
-124.617
 20
-204.478
 10
-124.663
 20
-204.44
 10
-124.707
 20
-204.398
 10
-124.749
 20
-204.354
 10
-124.787
 20
-204.308
 10
-124.823
 20
-204.259
 10
-124.856
 20
-204.209
 10
-124.885
 20
-204.156
 10
-124.912
 20
-204.102
 10
-124.935
 20
-204.046
 10
-124.955
 20
-203.989
 10
-124.971
 20
-203.931
 10
-124.984
 20
-203.871
 10
-124.993
 20
-203.812
 10
-124.998
 20
-203.752
 10
-125.0
 20
-203.691
 10
-125.0
 20
-201.396
 10
-124.911
 20
-198.419
 10
-124.645
 20
-195.452
 10
-124.203
 20
-192.506
 10
-123.586
 20
-189.591
 10
-122.797
 20
-186.719
 10
-121.838
 20
-183.898
 10
-120.713
 20
-181.14
 10
-119.426
 20
-178.454
 10
-117.98
 20
-175.849
 10
-116.383
 20
-173.335
 10
-114.638
 20
-170.92
 10
-112.753
 20
-168.613
 10
-110.733
 20
-166.423
 10
-12.941
 20
-66.505
 10
-12.5
 20
-66.081
 10
-12.033
 20
-65.685
 10
-11.543
 20
-65.317
 10
-11.032
 20
-64.98100000000001
 10
-10.5
 20
-64.676
 10
-9.952
 20
-64.405
 10
-9.387
 20
-64.168
 10
-8.809
 20
-63.965
 10
-8.22
 20
-63.799
 10
-7.622000000000001
 20
-63.668
 10
-7.017
 20
-63.575
 10
-6.407
 20
-63.519
 10
-5.795
 20
-63.5
 10
-2.05
 20
-63.5
 10
-1.99
 20
-63.502
 10
-1.929
 20
-63.507
 10
-1.87
 20
-63.51600000000001
 10
-1.811
 20
-63.529
 10
-1.752
 20
-63.545
 10
-1.695
 20
-63.565
 10
-1.64
 20
-63.588
 10
-1.585
 20
-63.615
 10
-1.533
 20
-63.644
 10
-1.482
 20
-63.677
 10
-1.433
 20
-63.713
 10
-1.387
 20
-63.751
 10
-1.343
 20
-63.793
 10
-1.301
 20
-63.837
 10
-1.263
 20
-63.883
 10
-1.227
 20
-63.932
 10
-1.194
 20
-63.983
 10
-1.165
 20
-64.035
 10
-1.138
 20
-64.09
 10
-1.115
 20
-64.145
 10
-1.095
 20
-64.202
 10
-1.079
 20
-64.26100000000001
 10
-1.066
 20
-64.32
 10
-1.057
 20
-64.37899999999999
 10
-1.052
 20
-64.44
 10
-1.05
 20
-64.5
 10
-1.05
 20
-65.0
 10
-1.052
 20
-65.06
 10
-1.057
 20
-65.12100000000001
 10
-1.066
 20
-65.18
 10
-1.079
 20
-65.23899999999999
 10
-1.095
 20
-65.298
 10
-1.115
 20
-65.355
 10
-1.138
 20
-65.41
 10
-1.165
 20
-65.465
 10
-1.194
 20
-65.517
 10
-1.227
 20
-65.568
 10
-1.263
 20
-65.617
 10
-1.301
 20
-65.663
 10
-1.343
 20
-65.707
 10
-1.387
 20
-65.749
 10
-1.433
 20
-65.78699999999999
 10
-1.482
 20
-65.82300000000001
 10
-1.533
 20
-65.85600000000001
 10
-1.585
 20
-65.885
 10
-1.64
 20
-65.91199999999999
 10
-1.695
 20
-65.935
 10
-1.752
 20
-65.955
 10
-1.811
 20
-65.971
 10
-1.87
 20
-65.984
 10
-1.929
 20
-65.993
 10
-1.99
 20
-65.998
 10
-2.05
 20
-66.0
 10
-5.0
 20
-66.0
 10
-5.151
 20
-66.005
 10
-5.301
 20
-66.018
 10
-5.451000000000001
 20
-66.041
 10
-5.598
 20
-66.07300000000001
 10
-5.744
 20
-66.113
 10
-5.887
 20
-66.16199999999999
 10
-6.026
 20
-66.22
 10
-6.162000000000001
 20
-66.286
 10
-6.292999999999999
 20
-66.361
 10
-6.42
 20
-66.443
 10
-6.542000000000001
 20
-66.532
 10
-6.657999999999999
 20
-66.62899999999999
 10
-6.768
 20
-66.732
 10
-6.871
 20
-66.842
 10
-6.968
 20
-66.958
 10
-7.057
 20
-67.08
 10
-7.138999999999999
 20
-67.207
 10
-7.214
 20
-67.33800000000001
 10
-7.28
 20
-67.47399999999999
 10
-7.337999999999999
 20
-67.613
 10
-7.387
 20
-67.756
 10
-7.427
 20
-67.902
 10
-7.459
 20
-68.04899999999999
 10
-7.482
 20
-68.199
 10
-7.495
 20
-68.34899999999999
 10
-7.5
 20
-68.5
 10
-7.495
 20
-68.65100000000001
 10
-7.482
 20
-68.801
 10
-7.459
 20
-68.95100000000001
 10
-7.427
 20
-69.098
 10
-7.387
 20
-69.244
 10
-7.337999999999999
 20
-69.387
 10
-7.28
 20
-69.52600000000001
 10
-7.214
 20
-69.66199999999999
 10
-7.138999999999999
 20
-69.793
 10
-7.057
 20
-69.92
 10
-6.968
 20
-70.042
 10
-6.871
 20
-70.158
 10
-6.768
 20
-70.268
 10
-6.657999999999999
 20
-70.37100000000001
 10
-6.542000000000001
 20
-70.468
 10
-6.42
 20
-70.557
 10
-6.292999999999999
 20
-70.639
 10
-6.162000000000001
 20
-70.714
 10
-6.026
 20
-70.78
 10
-5.887
 20
-70.83800000000001
 10
-5.744
 20
-70.887
 10
-5.598
 20
-70.92699999999999
 10
-5.451000000000001
 20
-70.959
 10
-5.301
 20
-70.982
 10
-5.151
 20
-70.995
 10
-5.0
 20
-71.0
 10
5.0
 20
-71.0
 10
5.151
 20
-70.995
 10
5.301
 20
-70.982
 10
5.451000000000001
 20
-70.959
 10
5.598
 20
-70.92699999999999
 10
5.744
 20
-70.887
 10
5.887
 20
-70.83800000000001
 10
6.026
 20
-70.78
 10
6.162000000000001
 20
-70.714
 10
6.292999999999999
 20
-70.639
 10
6.42
 20
-70.557
 10
6.542000000000001
 20
-70.468
 10
6.657999999999999
 20
-70.37100000000001
 10
6.768
 20
-70.268
 10
6.871
 20
-70.158
 10
6.968
 20
-70.042
 10
7.057
 20
-69.92
 10
7.138999999999999
 20
-69.793
 10
7.214
 20
-69.66199999999999
 10
7.28
 20
-69.52600000000001
 10
7.337999999999999
 20
-69.387
 10
7.387
 20
-69.244
 10
7.427
 20
-69.098
 10
7.459
 20
-68.95100000000001
 10
7.482
 20
-68.801
 10
7.495
 20
-68.65100000000001
 10
7.5
 20
-68.5
 10
7.495
 20
-68.34899999999999
 10
7.482
 20
-68.199
 10
7.459
 20
-68.04899999999999
 10
7.427
 20
-67.902
 10
7.387
 20
-67.756
 10
7.337999999999999
 20
-67.613
 10
7.28
 20
-67.47399999999999
 10
7.214
 20
-67.33800000000001
 10
7.138999999999999
 20
-67.207
 10
7.057
 20
-67.08
 10
6.968
 20
-66.958
 10
6.871
 20
-66.842
 10
6.768
 20
-66.732
 10
6.657999999999999
 20
-66.62899999999999
 10
6.542000000000001
 20
-66.532
 10
6.42
 20
-66.443
 10
6.292999999999999
 20
-66.361
 10
6.162000000000001
 20
-66.286
 10
6.026
 20
-66.22
 10
5.887
 20
-66.16199999999999
 10
5.744
 20
-66.113
 10
5.598
 20
-66.07300000000001
 10
5.451000000000001
 20
-66.041
 10
5.301
 20
-66.018
 10
5.151
 20
-66.005
 10
5.0
 20
-66.0
 10
2.05
 20
-66.0
 10
1.99
 20
-65.998
 10
1.929
 20
-65.993
 10
1.87
 20
-65.984
 10
1.811
 20
-65.971
 10
1.752
 20
-65.955
 10
1.695
 20
-65.935
 10
1.64
 20
-65.91199999999999
 10
1.585
 20
-65.885
 10
1.533
 20
-65.85600000000001
 10
1.482
 20
-65.82300000000001
 10
1.433
 20
-65.78699999999999
 10
1.387
 20
-65.749
 10
1.343
 20
-65.707
 10
1.301
 20
-65.663
 10
1.263
 20
-65.617
 10
1.227
 20
-65.568
 10
1.194
 20
-65.517
 10
1.165
 20
-65.465
 10
1.138
 20
-65.41
 10
1.115
 20
-65.355
 10
1.095
 20
-65.298
 10
1.079
 20
-65.23899999999999
 10
1.066
 20
-65.18
 10
1.057
 20
-65.12100000000001
 10
1.052
 20
-65.06
 10
1.05
 20
-65.0
 10
1.05
 20
-64.5
 10
1.052
 20
-64.44
 10
1.057
 20
-64.37899999999999
 10
1.066
 20
-64.32
 10
1.079
 20
-64.26100000000001
 10
1.095
 20
-64.202
 10
1.115
 20
-64.145
 10
1.138
 20
-64.09
 10
1.165
 20
-64.035
 10
1.194
 20
-63.983
 10
1.227
 20
-63.932
 10
1.263
 20
-63.883
 10
1.301
 20
-63.837
 10
1.343
 20
-63.793
 10
1.387
 20
-63.751
 10
1.433
 20
-63.713
 10
1.482
 20
-63.677
 10
1.533
 20
-63.644
 10
1.585
 20
-63.615
 10
1.64
 20
-63.588
 10
1.695
 20
-63.565
 10
1.752
 20
-63.545
 10
1.811
 20
-63.529
 10
1.87
 20
-63.51600000000001
 10
1.929
 20
-63.507
 10
1.99
 20
-63.502
 10
2.05
 20
-63.5
 10
5.795
 20
-63.5
 10
6.407
 20
-63.519
 10
7.017
 20
-63.575
 10
7.622000000000001
 20
-63.668
 10
8.22
 20
-63.799
 10
8.809
 20
-63.965
 10
9.387
 20
-64.168
 10
9.952
 20
-64.405
 10
10.5
 20
-64.676
 10
11.032
 20
-64.98100000000001
 10
11.543
 20
-65.317
 10
12.033
 20
-65.685
 10
12.5
 20
-66.081
 10
12.941
 20
-66.505
 10
110.733
 20
-166.423
 10
112.245
 20
-168.038
 10
113.684
 20
-169.718
 10
100.733
 20
-169.718
 10
100.582
 20
-169.723
 10
100.432
 20
-169.736
 10
100.283
 20
-169.759
 10
100.135
 20
-169.791
 10
99.99
 20
-169.831
 10
99.84700000000001
 20
-169.88
 10
99.70700000000001
 20
-169.938
 10
99.572
 20
-170.004
 10
99.44
 20
-170.079
 10
99.31299999999999
 20
-170.161
 10
99.19200000000001
 20
-170.25
 10
99.07600000000001
 20
-170.347
 10
98.96600000000001
 20
-170.45
 10
98.86200000000001
 20
-170.56
 10
98.765
 20
-170.676
 10
98.676
 20
-170.798
 10
98.594
 20
-170.925
 10
98.52
 20
-171.056
 10
98.454
 20
-171.192
 10
98.396
 20
-171.332
 10
98.34700000000001
 20
-171.474
 10
98.306
 20
-171.62
 10
98.274
 20
-171.767
 10
98.25200000000001
 20
-171.917
 10
98.238
 20
-172.067
 10
98.23299999999999
 20
-172.218
 10
98.238
 20
-172.369
 10
98.25200000000001
 20
-172.519
 10
98.274
 20
-172.669
 10
98.306
 20
-172.816
 10
98.34700000000001
 20
-172.962
 10
98.396
 20
-173.105
 10
98.454
 20
-173.244
 10
98.52
 20
-173.38
 10
98.594
 20
-173.511
 10
98.676
 20
-173.638
 10
98.765
 20
-173.76
 10
98.86200000000001
 20
-173.876
 10
98.96600000000001
 20
-173.986
 10
99.07600000000001
 20
-174.089
 10
99.19200000000001
 20
-174.186
 10
99.31299999999999
 20
-174.275
 10
99.44
 20
-174.357
 10
99.572
 20
-174.432
 10
99.70700000000001
 20
-174.498
 10
99.84700000000001
 20
-174.556
 10
99.99
 20
-174.605
 10
100.135
 20
-174.645
 10
100.283
 20
-174.677
 10
100.432
 20
-174.7
 10
100.582
 20
-174.713
 10
100.733
 20
-174.718
 10
117.288
 20
-174.718
 10
118.872
 20
-177.413
 10
120.286
 20
-180.202
 10
121.522
 20
-183.073
 10
122.576
 20
-186.016
 10
123.444
 20
-189.019
 10
124.123
 20
-192.071
 10
124.609
 20
-195.159
 10
124.902
 20
-198.272
 10
125.0
 20
-201.396
 10
125.0
 20
-971.0
 10
124.909
 20
-974.0189999999999
 10
124.635
 20
-977.0269999999999
 10
124.181
 20
-980.013
 10
123.547
 20
-982.966
 10
122.736
 20
-985.875
 10
121.751
 20
-988.73
 10
120.595
 20
-991.5210000000001
 10
119.273
 20
-994.2360000000001
 10
117.789
 20
-996.867
 10
116.149
 20
-999.403
 10
114.359
 20
-1001.836
 10
112.426
 20
-1004.156
 10
110.355
 20
-1006.355
 10
108.156
 20
-1008.426
 10
105.836
 20
-1010.359
 10
103.403
 20
-1012.149
 10
100.867
 20
-1013.789
 10
98.236
 20
-1015.273
 10
95.521
 20
-1016.595
 10
92.73
 20
-1017.751
 10
89.875
 20
-1018.736
 10
86.96600000000001
 20
-1019.547
 10
84.01299999999999
 20
-1020.181
 10
81.027
 20
-1020.635
 10
78.01899999999999
 20
-1020.909
 10
75.0
 20
-1021.0
  0
LWPOLYLINE
  5
AE1
330
6F
100
AcDbEntity
  8
L2D2100
100
AcDbPolyline
 90
        4
 70
     1
 43
0.0
 10
-11.5
 20
34.267
 10
-11.501
 20
46.767
 10
-11.001
 20
46.767
 10
-11.0
 20
34.267
  0
LWPOLYLINE
  5
AE7
330
6F
100
AcDbEntity
  8
L2D2100
100
AcDbPolyline
 90
      106
 70
     1
 43
0.0
 10
-8.0
 20
46.267
 10
-8.0
 20
46.767
 10
-7.996
 20
46.892
 10
-7.985
 20
47.017
 10
-7.965
 20
47.14100000000001
 10
-7.937
 20
47.264
 10
-7.902
 20
47.385
 10
-7.86
 20
47.503
 10
-7.81
 20
47.618
 10
-7.752999999999999
 20
47.73
 10
-7.689
 20
47.838
 10
-7.617999999999999
 20
47.942
 10
-7.541
 20
48.042
 10
-7.457999999999999
 20
48.136
 10
-7.369
 20
48.225
 10
-7.275
 20
48.308
 10
-7.176
 20
48.385
 10
-7.072
 20
48.455
 10
-6.964
 20
48.519
 10
-6.852
 20
48.576
 10
-6.737
 20
48.626
 10
-6.617999999999999
 20
48.669
 10
-6.497999999999999
 20
48.70399999999999
 10
-6.375
 20
48.731
 10
-6.251
 20
48.751
 10
-6.126
 20
48.76300000000001
 10
-6.0
 20
48.767
 10
-5.875
 20
48.76300000000001
 10
-5.75
 20
48.751
 10
-5.626
 20
48.731
 10
-5.502999999999999
 20
48.70399999999999
 10
-5.382000000000001
 20
48.669
 10
-5.263999999999999
 20
48.626
 10
-5.149
 20
48.576
 10
-5.037
 20
48.519
 10
-4.928999999999999
 20
48.455
 10
-4.825
 20
48.385
 10
-4.725
 20
48.308
 10
-4.631
 20
48.225
 10
-4.542
 20
48.136
 10
-4.459
 20
48.042
 10
-4.382
 20
47.942
 10
-4.312
 20
47.838
 10
-4.248
 20
47.73
 10
-4.191
 20
47.618
 10
-4.141
 20
47.503
 10
-4.098
 20
47.385
 10
-4.063
 20
47.264
 10
-4.036
 20
47.14100000000001
 10
-4.016
 20
47.017
 10
-4.004
 20
46.892
 10
-4.0
 20
46.767
 10
-4.0
 20
46.267
 10
-4.5
 20
46.267
 10
-4.5
 20
46.767
 10
-4.503
 20
46.861
 10
-4.512
 20
46.955
 10
-4.527
 20
47.048
 10
-4.547
 20
47.14
 10
-4.574
 20
47.23
 10
-4.606
 20
47.319
 10
-4.643
 20
47.405
 10
-4.686
 20
47.489
 10
-4.734
 20
47.57
 10
-4.787
 20
47.648
 10
-4.845
 20
47.723
 10
-4.907
 20
47.794
 10
-4.973
 20
47.86
 10
-5.044
 20
47.922
 10
-5.119
 20
47.98
 10
-5.197
 20
48.033
 10
-5.278
 20
48.081
 10
-5.362
 20
48.124
 10
-5.448
 20
48.161
 10
-5.537000000000001
 20
48.193
 10
-5.627000000000001
 20
48.22
 10
-5.718999999999999
 20
48.24
 10
-5.812
 20
48.255
 10
-5.906000000000001
 20
48.264
 10
-6.0
 20
48.267
 10
-6.093999999999999
 20
48.264
 10
-6.188
 20
48.255
 10
-6.281000000000001
 20
48.24
 10
-6.372999999999999
 20
48.22
 10
-6.464
 20
48.193
 10
-6.552
 20
48.161
 10
-6.638999999999999
 20
48.124
 10
-6.723
 20
48.081
 10
-6.803999999999999
 20
48.033
 10
-6.882000000000001
 20
47.98
 10
-6.956
 20
47.922
 10
-7.027
 20
47.86
 10
-7.093999999999999
 20
47.794
 10
-7.156000000000001
 20
47.723
 10
-7.214
 20
47.648
 10
-7.267
 20
47.57
 10
-7.315
 20
47.489
 10
-7.358
 20
47.405
 10
-7.395
 20
47.319
 10
-7.427
 20
47.23
 10
-7.452999999999999
 20
47.14
 10
-7.474
 20
47.048
 10
-7.488
 20
46.955
 10
-7.497000000000001
 20
46.861
 10
-7.5
 20
46.767
 10
-7.5
 20
46.267
  0
LWPOLYLINE
  5
B53
330
6F
100
AcDbEntity
  8
L2D2100
100
AcDbPolyline
 90
      106
 70
     1
 43
0.0
 10
-15.001
 20
46.267
 10
-15.001
 20
46.767
 10
-14.998
 20
46.892
 10
-14.986
 20
47.017
 10
-14.966
 20
47.14100000000001
 10
-14.939
 20
47.264
 10
-14.904
 20
47.385
 10
-14.861
 20
47.503
 10
-14.811
 20
47.618
 10
-14.754
 20
47.73
 10
-14.69
 20
47.838
 10
-14.62
 20
47.942
 10
-14.543
 20
48.042
 10
-14.459
 20
48.136
 10
-14.371
 20
48.225
 10
-14.276
 20
48.308
 10
-14.177
 20
48.385
 10
-14.073
 20
48.455
 10
-13.965
 20
48.519
 10
-13.853
 20
48.576
 10
-13.738
 20
48.626
 10
-13.62
 20
48.669
 10
-13.499
 20
48.70399999999999
 10
-13.376
 20
48.731
 10
-13.252
 20
48.751
 10
-13.127
 20
48.76300000000001
 10
-13.001
 20
48.767
 10
-12.876
 20
48.76300000000001
 10
-12.751
 20
48.751
 10
-12.627
 20
48.731
 10
-12.504
 20
48.70399999999999
 10
-12.383
 20
48.669
 10
-12.265
 20
48.626
 10
-12.15
 20
48.576
 10
-12.038
 20
48.519
 10
-11.93
 20
48.455
 10
-11.826
 20
48.385
 10
-11.727
 20
48.308
 10
-11.632
 20
48.225
 10
-11.544
 20
48.136
 10
-11.46
 20
48.042
 10
-11.383
 20
47.942
 10
-11.313
 20
47.838
 10
-11.249
 20
47.73
 10
-11.192
 20
47.618
 10
-11.142
 20
47.503
 10
-11.099
 20
47.385
 10
-11.064
 20
47.264
 10
-11.037
 20
47.14100000000001
 10
-11.017
 20
47.017
 10
-11.005
 20
46.892
 10
-11.001
 20
46.767
 10
-11.001
 20
46.267
 10
-11.501
 20
46.267
 10
-11.501
 20
46.767
 10
-11.504
 20
46.861
 10
-11.513
 20
46.955
 10
-11.528
 20
47.048
 10
-11.549
 20
47.14
 10
-11.575
 20
47.23
 10
-11.607
 20
47.319
 10
-11.644
 20
47.405
 10
-11.687
 20
47.489
 10
-11.735
 20
47.57
 10
-11.788
 20
47.648
 10
-11.846
 20
47.723
 10
-11.908
 20
47.794
 10
-11.975
 20
47.86
 10
-12.045
 20
47.922
 10
-12.12
 20
47.98
 10
-12.198
 20
48.033
 10
-12.279
 20
48.081
 10
-12.363
 20
48.124
 10
-12.449
 20
48.161
 10
-12.538
 20
48.193
 10
-12.628
 20
48.22
 10
-12.72
 20
48.24
 10
-12.813
 20
48.255
 10
-12.907
 20
48.264
 10
-13.001
 20
48.267
 10
-13.096
 20
48.264
 10
-13.189
 20
48.255
 10
-13.283
 20
48.24
 10
-13.375
 20
48.22
 10
-13.465
 20
48.193
 10
-13.554
 20
48.161
 10
-13.64
 20
48.124
 10
-13.724
 20
48.081
 10
-13.805
 20
48.033
 10
-13.883
 20
47.98
 10
-13.958
 20
47.922
 10
-14.028
 20
47.86
 10
-14.095
 20
47.794
 10
-14.157
 20
47.723
 10
-14.215
 20
47.648
 10
-14.268
 20
47.57
 10
-14.316
 20
47.489
 10
-14.359
 20
47.405
 10
-14.396
 20
47.319
 10
-14.428
 20
47.23
 10
-14.454
 20
47.14
 10
-14.475
 20
47.048
 10
-14.49
 20
46.955
 10
-14.499
 20
46.861
 10
-14.501
 20
46.767
 10
-14.501
 20
46.267
  0
LWPOLYLINE
  5
BBF
330
6F
100
AcDbEntity
  8
L2D2100
100
AcDbPolyline
 90
      106
 70
     1
 43
0.0
 10
-9.5
 20
32.267
 10
-9.626
 20
32.271
 10
-9.751
 20
32.282
 10
-9.875
 20
32.302
 10
-9.998
 20
32.329
 10
-10.118
 20
32.365
 10
-10.237
 20
32.407
 10
-10.352
 20
32.457
 10
-10.464
 20
32.514
 10
-10.572
 20
32.578
 10
-10.676
 20
32.649
 10
-10.775
 20
32.726
 10
-10.869
 20
32.809
 10
-10.958
 20
32.898
 10
-11.041
 20
32.992
 10
-11.118
 20
33.091
 10
-11.189
 20
33.195
 10
-11.253
 20
33.303
 10
-11.31
 20
33.415
 10
-11.36
 20
33.53
 10
-11.402
 20
33.649
 10
-11.437
 20
33.769
 10
-11.465
 20
33.892
 10
-11.485
 20
34.016
 10
-11.496
 20
34.141
 10
-11.5
 20
34.267
 10
-11.5
 20
34.767
 10
-11.0
 20
34.767
 10
-11.0
 20
34.267
 10
-10.997
 20
34.172
 10
-10.988
 20
34.079
 10
-10.974
 20
33.986
 10
-10.953
 20
33.894
 10
-10.927
 20
33.803
 10
-10.895
 20
33.714
 10
-10.858
 20
33.628
 10
-10.815
 20
33.544
 10
-10.767
 20
33.463
 10
-10.714
 20
33.385
 10
-10.656
 20
33.311
 10
-10.594
 20
33.24
 10
-10.527
 20
33.173
 10
-10.456
 20
33.111
 10
-10.382
 20
33.053
 10
-10.304
 20
33.0
 10
-10.223
 20
32.952
 10
-10.139
 20
32.909
 10
-10.052
 20
32.872
 10
-9.964
 20
32.84
 10
-9.873
 20
32.814
 10
-9.781
 20
32.793
 10
-9.687999999999999
 20
32.778
 10
-9.594
 20
32.77
 10
-9.5
 20
32.767
 10
-9.406
 20
32.77
 10
-9.312000000000001
 20
32.778
 10
-9.219
 20
32.793
 10
-9.127
 20
32.814
 10
-9.037
 20
32.84
 10
-8.948
 20
32.872
 10
-8.862
 20
32.909
 10
-8.777999999999999
 20
32.952
 10
-8.697000000000001
 20
33.0
 10
-8.619
 20
33.053
 10
-8.544
 20
33.111
 10
-8.472999999999999
 20
33.173
 10
-8.407
 20
33.24
 10
-8.345
 20
33.311
 10
-8.287
 20
33.385
 10
-8.234
 20
33.463
 10
-8.186
 20
33.544
 10
-8.142999999999999
 20
33.628
 10
-8.106
 20
33.714
 10
-8.074
 20
33.803
 10
-8.047
 20
33.894
 10
-8.027000000000001
 20
33.986
 10
-8.012
 20
34.079
 10
-8.003
 20
34.172
 10
-8.0
 20
34.267
 10
-8.0
 20
34.767
 10
-7.5
 20
34.767
 10
-7.5
 20
34.267
 10
-7.504
 20
34.141
 10
-7.516
 20
34.016
 10
-7.536
 20
33.892
 10
-7.563
 20
33.769
 10
-7.598
 20
33.649
 10
-7.641
 20
33.53
 10
-7.691
 20
33.415
 10
-7.747999999999999
 20
33.303
 10
-7.812
 20
33.195
 10
-7.882000000000001
 20
33.091
 10
-7.959
 20
32.992
 10
-8.042
 20
32.898
 10
-8.131
 20
32.809
 10
-8.225
 20
32.726
 10
-8.325
 20
32.649
 10
-8.429
 20
32.578
 10
-8.537
 20
32.514
 10
-8.649
 20
32.457
 10
-8.764
 20
32.407
 10
-8.882
 20
32.365
 10
-9.003
 20
32.329
 10
-9.126
 20
32.302
 10
-9.25
 20
32.282
 10
-9.375
 20
32.271
  0
LWPOLYLINE
  5
C2B
330
6F
100
AcDbEntity
  8
L2D2100
100
AcDbPolyline
 90
       58
 70
     1
 43
0.0
 10
-3.5
 20
37.767
 10
-3.561
 20
37.769
 10
-3.621
 20
37.774
 10
-3.681
 20
37.783
 10
-3.74
 20
37.796
 10
-3.798
 20
37.812
 10
-3.855
 20
37.832
 10
-3.911
 20
37.855
 10
-3.965
 20
37.881
 10
-4.018
 20
37.911
 10
-4.068000000000001
 20
37.944
 10
-4.117
 20
37.979
 10
-4.163
 20
38.018
 10
-4.207
 20
38.06
 10
-4.249
 20
38.104
 10
-4.287
 20
38.15
 10
-4.323
 20
38.199
 10
-4.356
 20
38.249
 10
-4.386
 20
38.302
 10
-4.412
 20
38.356
 10
-4.435
 20
38.412
 10
-4.455
 20
38.469
 10
-4.471
 20
38.527
 10
-4.484
 20
38.586
 10
-4.493
 20
38.646
 10
-4.498
 20
38.706
 10
-4.5
 20
38.767
 10
-4.5
 20
39.267
 10
-4.0
 20
39.267
 10
-4.0
 20
38.767
 10
-3.999
 20
38.736
 10
-3.997
 20
38.706
 10
-3.992
 20
38.677
 10
-3.986
 20
38.647
 10
-3.978
 20
38.618
 10
-3.968
 20
38.589
 10
-3.956
 20
38.561
 10
-3.943
 20
38.534
 10
-3.928
 20
38.508
 10
-3.912
 20
38.483
 10
-3.894
 20
38.458
 10
-3.875
 20
38.435
 10
-3.854
 20
38.413
 10
-3.832
 20
38.392
 10
-3.809
 20
38.373
 10
-3.784
 20
38.355
 10
-3.759
 20
38.339
 10
-3.733
 20
38.324
 10
-3.705
 20
38.311
 10
-3.678
 20
38.299
 10
-3.649
 20
38.289
 10
-3.62
 20
38.281
 10
-3.59
 20
38.275
 10
-3.561
 20
38.27
 10
-3.53
 20
38.268
 10
-3.5
 20
38.267
 10
-3.0
 20
38.267
 10
-3.0
 20
37.767
  0
LWPOLYLINE
  5
C67
330
6F
100
AcDbEntity
  8
L2D2100
100
AcDbPolyline
 90
        4
 70
     1
 43
0.0
 10
-11.501
 20
13.767
 10
-11.5
 20
26.267
 10
-11.0
 20
26.267
 10
-11.001
 20
13.767
  0
LWPOLYLINE
  5
C6D
330
6F
100
AcDbEntity
  8
L2D2100
100
AcDbPolyline
 90
      106
 70
     1
 43
0.0
 10
-6.0
 20
11.767
 10
-6.126
 20
11.771
 10
-6.251
 20
11.782
 10
-6.375
 20
11.802
 10
-6.497999999999999
 20
11.829
 10
-6.617999999999999
 20
11.865
 10
-6.737
 20
11.907
 10
-6.852
 20
11.957
 10
-6.964
 20
12.014
 10
-7.072
 20
12.078
 10
-7.176
 20
12.149
 10
-7.275
 20
12.226
 10
-7.369
 20
12.309
 10
-7.457999999999999
 20
12.398
 10
-7.541
 20
12.492
 10
-7.617999999999999
 20
12.591
 10
-7.689
 20
12.695
 10
-7.752999999999999
 20
12.803
 10
-7.81
 20
12.915
 10
-7.86
 20
13.03
 10
-7.902
 20
13.149
 10
-7.937
 20
13.269
 10
-7.965
 20
13.392
 10
-7.985
 20
13.516
 10
-7.996
 20
13.641
 10
-8.0
 20
13.767
 10
-8.0
 20
14.267
 10
-7.5
 20
14.267
 10
-7.5
 20
13.767
 10
-7.497000000000001
 20
13.672
 10
-7.488
 20
13.579
 10
-7.474
 20
13.486
 10
-7.452999999999999
 20
13.394
 10
-7.427
 20
13.303
 10
-7.395
 20
13.214
 10
-7.358
 20
13.128
 10
-7.315
 20
13.044
 10
-7.267
 20
12.963
 10
-7.214
 20
12.885
 10
-7.156000000000001
 20
12.81
 10
-7.093999999999999
 20
12.74
 10
-7.027
 20
12.673
 10
-6.956
 20
12.611
 10
-6.882000000000001
 20
12.553
 10
-6.803999999999999
 20
12.5
 10
-6.723
 20
12.452
 10
-6.638999999999999
 20
12.409
 10
-6.552
 20
12.372
 10
-6.464
 20
12.34
 10
-6.372999999999999
 20
12.314
 10
-6.281000000000001
 20
12.293
 10
-6.188
 20
12.278
 10
-6.093999999999999
 20
12.27
 10
-6.0
 20
12.267
 10
-5.906000000000001
 20
12.27
 10
-5.812
 20
12.278
 10
-5.718999999999999
 20
12.293
 10
-5.627000000000001
 20
12.314
 10
-5.537000000000001
 20
12.34
 10
-5.448
 20
12.372
 10
-5.362
 20
12.409
 10
-5.278
 20
12.452
 10
-5.197
 20
12.5
 10
-5.119
 20
12.553
 10
-5.044
 20
12.611
 10
-4.973
 20
12.673
 10
-4.907
 20
12.74
 10
-4.845
 20
12.81
 10
-4.787
 20
12.885
 10
-4.734
 20
12.963
 10
-4.686
 20
13.044
 10
-4.643
 20
13.128
 10
-4.606
 20
13.214
 10
-4.574
 20
13.303
 10
-4.547
 20
13.394
 10
-4.527
 20
13.486
 10
-4.512
 20
13.579
 10
-4.503
 20
13.672
 10
-4.5
 20
13.767
 10
-4.5
 20
14.267
 10
-4.0
 20
14.267
 10
-4.0
 20
13.767
 10
-4.004
 20
13.641
 10
-4.016
 20
13.516
 10
-4.036
 20
13.392
 10
-4.063
 20
13.269
 10
-4.098
 20
13.149
 10
-4.141
 20
13.03
 10
-4.191
 20
12.915
 10
-4.248
 20
12.803
 10
-4.312
 20
12.695
 10
-4.382
 20
12.591
 10
-4.459
 20
12.492
 10
-4.542
 20
12.398
 10
-4.631
 20
12.309
 10
-4.725
 20
12.226
 10
-4.825
 20
12.149
 10
-4.928999999999999
 20
12.078
 10
-5.037
 20
12.014
 10
-5.149
 20
11.957
 10
-5.263999999999999
 20
11.907
 10
-5.382000000000001
 20
11.865
 10
-5.502999999999999
 20
11.829
 10
-5.626
 20
11.802
 10
-5.75
 20
11.782
 10
-5.875
 20
11.771
  0
LWPOLYLINE
  5
CD9
330
6F
100
AcDbEntity
  8
L2D2100
100
AcDbPolyline
 90
      106
 70
     1
 43
0.0
 10
-13.001
 20
11.767
 10
-13.127
 20
11.771
 10
-13.252
 20
11.782
 10
-13.376
 20
11.802
 10
-13.499
 20
11.829
 10
-13.62
 20
11.865
 10
-13.738
 20
11.907
 10
-13.853
 20
11.957
 10
-13.965
 20
12.014
 10
-14.073
 20
12.078
 10
-14.177
 20
12.149
 10
-14.276
 20
12.226
 10
-14.371
 20
12.309
 10
-14.459
 20
12.398
 10
-14.543
 20
12.492
 10
-14.62
 20
12.591
 10
-14.69
 20
12.695
 10
-14.754
 20
12.803
 10
-14.811
 20
12.915
 10
-14.861
 20
13.03
 10
-14.904
 20
13.149
 10
-14.939
 20
13.269
 10
-14.966
 20
13.392
 10
-14.986
 20
13.516
 10
-14.998
 20
13.641
 10
-15.001
 20
13.767
 10
-15.001
 20
14.267
 10
-14.501
 20
14.267
 10
-14.501
 20
13.767
 10
-14.499
 20
13.672
 10
-14.49
 20
13.579
 10
-14.475
 20
13.486
 10
-14.454
 20
13.394
 10
-14.428
 20
13.303
 10
-14.396
 20
13.214
 10
-14.359
 20
13.128
 10
-14.316
 20
13.044
 10
-14.268
 20
12.963
 10
-14.215
 20
12.885
 10
-14.157
 20
12.81
 10
-14.095
 20
12.74
 10
-14.028
 20
12.673
 10
-13.958
 20
12.611
 10
-13.883
 20
12.553
 10
-13.805
 20
12.5
 10
-13.724
 20
12.452
 10
-13.64
 20
12.409
 10
-13.554
 20
12.372
 10
-13.465
 20
12.34
 10
-13.375
 20
12.314
 10
-13.283
 20
12.293
 10
-13.189
 20
12.278
 10
-13.096
 20
12.27
 10
-13.001
 20
12.267
 10
-12.907
 20
12.27
 10
-12.813
 20
12.278
 10
-12.72
 20
12.293
 10
-12.628
 20
12.314
 10
-12.538
 20
12.34
 10
-12.449
 20
12.372
 10
-12.363
 20
12.409
 10
-12.279
 20
12.452
 10
-12.198
 20
12.5
 10
-12.12
 20
12.553
 10
-12.045
 20
12.611
 10
-11.975
 20
12.673
 10
-11.908
 20
12.74
 10
-11.846
 20
12.81
 10
-11.788
 20
12.885
 10
-11.735
 20
12.963
 10
-11.687
 20
13.044
 10
-11.644
 20
13.128
 10
-11.607
 20
13.214
 10
-11.575
 20
13.303
 10
-11.549
 20
13.394
 10
-11.528
 20
13.486
 10
-11.513
 20
13.579
 10
-11.504
 20
13.672
 10
-11.501
 20
13.767
 10
-11.501
 20
14.267
 10
-11.001
 20
14.267
 10
-11.001
 20
13.767
 10
-11.005
 20
13.641
 10
-11.017
 20
13.516
 10
-11.037
 20
13.392
 10
-11.064
 20
13.269
 10
-11.099
 20
13.149
 10
-11.142
 20
13.03
 10
-11.192
 20
12.915
 10
-11.249
 20
12.803
 10
-11.313
 20
12.695
 10
-11.383
 20
12.591
 10
-11.46
 20
12.492
 10
-11.544
 20
12.398
 10
-11.632
 20
12.309
 10
-11.727
 20
12.226
 10
-11.826
 20
12.149
 10
-11.93
 20
12.078
 10
-12.038
 20
12.014
 10
-12.15
 20
11.957
 10
-12.265
 20
11.907
 10
-12.383
 20
11.865
 10
-12.504
 20
11.829
 10
-12.627
 20
11.802
 10
-12.751
 20
11.782
 10
-12.876
 20
11.771
  0
LWPOLYLINE
  5
D45
330
6F
100
AcDbEntity
  8
L2D2100
100
AcDbPolyline
 90
      106
 70
     1
 43
0.0
 10
-11.5
 20
25.767
 10
-11.5
 20
26.267
 10
-11.496
 20
26.392
 10
-11.485
 20
26.517
 10
-11.465
 20
26.641
 10
-11.437
 20
26.764
 10
-11.402
 20
26.885
 10
-11.36
 20
27.003
 10
-11.31
 20
27.118
 10
-11.253
 20
27.23
 10
-11.189
 20
27.338
 10
-11.118
 20
27.442
 10
-11.041
 20
27.542
 10
-10.958
 20
27.636
 10
-10.869
 20
27.725
 10
-10.775
 20
27.808
 10
-10.676
 20
27.885
 10
-10.572
 20
27.955
 10
-10.464
 20
28.019
 10
-10.352
 20
28.076
 10
-10.237
 20
28.126
 10
-10.118
 20
28.169
 10
-9.998
 20
28.204
 10
-9.875
 20
28.231
 10
-9.751
 20
28.251
 10
-9.626
 20
28.263
 10
-9.5
 20
28.267
 10
-9.375
 20
28.263
 10
-9.25
 20
28.251
 10
-9.126
 20
28.231
 10
-9.003
 20
28.204
 10
-8.882
 20
28.169
 10
-8.764
 20
28.126
 10
-8.649
 20
28.076
 10
-8.537
 20
28.019
 10
-8.429
 20
27.955
 10
-8.325
 20
27.885
 10
-8.225
 20
27.808
 10
-8.131
 20
27.725
 10
-8.042
 20
27.636
 10
-7.959
 20
27.542
 10
-7.882000000000001
 20
27.442
 10
-7.812
 20
27.338
 10
-7.747999999999999
 20
27.23
 10
-7.691
 20
27.118
 10
-7.641
 20
27.003
 10
-7.598
 20
26.885
 10
-7.563
 20
26.764
 10
-7.536
 20
26.641
 10
-7.516
 20
26.517
 10
-7.504
 20
26.392
 10
-7.5
 20
26.267
 10
-7.5
 20
25.767
 10
-8.0
 20
25.767
 10
-8.0
 20
26.267
 10
-8.003
 20
26.361
 10
-8.012
 20
26.455
 10
-8.027000000000001
 20
26.548
 10
-8.047
 20
26.64
 10
-8.074
 20
26.73
 10
-8.106
 20
26.819
 10
-8.142999999999999
 20
26.905
 10
-8.186
 20
26.989
 10
-8.234
 20
27.07
 10
-8.287
 20
27.148
 10
-8.345
 20
27.223
 10
-8.407
 20
27.294
 10
-8.472999999999999
 20
27.36
 10
-8.544
 20
27.422
 10
-8.619
 20
27.48
 10
-8.697000000000001
 20
27.533
 10
-8.777999999999999
 20
27.581
 10
-8.862
 20
27.624
 10
-8.948
 20
27.661
 10
-9.037
 20
27.693
 10
-9.127
 20
27.72
 10
-9.219
 20
27.74
 10
-9.312000000000001
 20
27.755
 10
-9.406
 20
27.764
 10
-9.5
 20
27.767
 10
-9.594
 20
27.764
 10
-9.687999999999999
 20
27.755
 10
-9.781
 20
27.74
 10
-9.873
 20
27.72
 10
-9.964
 20
27.693
 10
-10.052
 20
27.661
 10
-10.139
 20
27.624
 10
-10.223
 20
27.581
 10
-10.304
 20
27.533
 10
-10.382
 20
27.48
 10
-10.456
 20
27.422
 10
-10.527
 20
27.36
 10
-10.594
 20
27.294
 10
-10.656
 20
27.223
 10
-10.714
 20
27.148
 10
-10.767
 20
27.07
 10
-10.815
 20
26.989
 10
-10.858
 20
26.905
 10
-10.895
 20
26.819
 10
-10.927
 20
26.73
 10
-10.953
 20
26.64
 10
-10.974
 20
26.548
 10
-10.988
 20
26.455
 10
-10.997
 20
26.361
 10
-11.0
 20
26.267
 10
-11.0
 20
25.767
  0
LWPOLYLINE
  5
DB1
330
6F
100
AcDbEntity
  8
L2D2100
100
AcDbPolyline
 90
       58
 70
     1
 43
0.0
 10
-4.5
 20
21.267
 10
-4.5
 20
21.767
 10
-4.498
 20
21.827
 10
-4.493
 20
21.887
 10
-4.484
 20
21.947
 10
-4.471
 20
22.006
 10
-4.455
 20
22.064
 10
-4.435
 20
22.121
 10
-4.412
 20
22.177
 10
-4.386
 20
22.231
 10
-4.356
 20
22.284
 10
-4.323
 20
22.335
 10
-4.287
 20
22.383
 10
-4.249
 20
22.43
 10
-4.207
 20
22.474
 10
-4.163
 20
22.515
 10
-4.117
 20
22.554
 10
-4.068000000000001
 20
22.59
 10
-4.018
 20
22.622
 10
-3.965
 20
22.652
 10
-3.911
 20
22.679
 10
-3.855
 20
22.702
 10
-3.798
 20
22.721
 10
-3.74
 20
22.738
 10
-3.681
 20
22.75
 10
-3.621
 20
22.759
 10
-3.561
 20
22.765
 10
-3.5
 20
22.767
 10
-3.0
 20
22.767
 10
-3.0
 20
22.267
 10
-3.5
 20
22.267
 10
-3.53
 20
22.266
 10
-3.561
 20
22.263
 10
-3.59
 20
22.258
 10
-3.62
 20
22.252
 10
-3.649
 20
22.244
 10
-3.678
 20
22.234
 10
-3.705
 20
22.223
 10
-3.733
 20
22.209
 10
-3.759
 20
22.195
 10
-3.784
 20
22.178
 10
-3.809
 20
22.16
 10
-3.832
 20
22.141
 10
-3.854
 20
22.12
 10
-3.875
 20
22.098
 10
-3.894
 20
22.075
 10
-3.912
 20
22.051
 10
-3.928
 20
22.025
 10
-3.943
 20
21.999
 10
-3.956
 20
21.972
 10
-3.968
 20
21.944
 10
-3.978
 20
21.915
 10
-3.986
 20
21.886
 10
-3.992
 20
21.857
 10
-3.997
 20
21.827
 10
-3.999
 20
21.797
 10
-4.0
 20
21.767
 10
-4.0
 20
21.267
  0
LWPOLYLINE
  5
DED
330
6F
100
AcDbEntity
  8
L2D2100
100
AcDbPolyline
 90
       57
 70
     1
 43
0.0
 10
-4.5
 20
-39.5
 10
-4.5
 20
-39.0
 10
-4.498
 20
-38.939
 10
-4.493
 20
-38.879
 10
-4.484
 20
-38.819
 10
-4.471
 20
-38.76
 10
-4.455
 20
-38.702
 10
-4.435
 20
-38.645
 10
-4.412
 20
-38.589
 10
-4.386
 20
-38.535
 10
-4.356
 20
-38.482
 10
-4.323
 20
-38.431
 10
-4.287
 20
-38.383
 10
-4.249
 20
-38.336
 10
-4.207
 20
-38.292
 10
-4.163
 20
-38.251
 10
-4.117
 20
-38.212
 10
-4.068000000000001
 20
-38.177
 10
-4.018
 20
-38.144
 10
-3.965
 20
-38.114
 10
-3.911
 20
-38.088
 10
-3.855
 20
-38.065
 10
-3.798
 20
-38.045
 10
-3.74
 20
-38.029
 10
-3.681
 20
-38.016
 10
-3.621
 20
-38.007
 10
-3.561
 20
-38.001
 10
-3.5
 20
-38.0
 10
-3.0
 20
-38.0
 10
-3.0
 20
-38.5
 10
-3.53
 20
-38.5
 10
-3.561
 20
-38.503
 10
-3.59
 20
-38.508
 10
-3.62
 20
-38.514
 10
-3.649
 20
-38.522
 10
-3.678
 20
-38.532
 10
-3.705
 20
-38.544
 10
-3.733
 20
-38.557
 10
-3.759
 20
-38.572
 10
-3.784
 20
-38.588
 10
-3.809
 20
-38.606
 10
-3.832
 20
-38.625
 10
-3.854
 20
-38.646
 10
-3.875
 20
-38.668
 10
-3.894
 20
-38.691
 10
-3.912
 20
-38.716
 10
-3.928
 20
-38.741
 10
-3.943
 20
-38.767
 10
-3.956
 20
-38.794
 10
-3.968
 20
-38.822
 10
-3.978
 20
-38.851
 10
-3.986
 20
-38.88
 10
-3.992
 20
-38.909
 10
-3.997
 20
-38.939
 10
-3.999
 20
-38.969
 10
-4.0
 20
-39.0
 10
-4.0
 20
-39.5
  0
LWPOLYLINE
  5
E28
330
6F
100
AcDbEntity
  8
L2D2100
100
AcDbPolyline
 90
        4
 70
     1
 43
0.0
 10
-11.5
 20
-26.5
 10
-11.501
 20
-13.999
 10
-11.001
 20
-13.999
 10
-11.0
 20
-26.5
  0
LWPOLYLINE
  5
E2E
330
6F
100
AcDbEntity
  8
L2D2100
100
AcDbPolyline
 90
      106
 70
     1
 43
0.0
 10
-8.0
 20
-14.499
 10
-8.0
 20
-13.999
 10
-7.996
 20
-13.874
 10
-7.985
 20
-13.749
 10
-7.965
 20
-13.625
 10
-7.937
 20
-13.502
 10
-7.902
 20
-13.381
 10
-7.86
 20
-13.263
 10
-7.81
 20
-13.148
 10
-7.752999999999999
 20
-13.036
 10
-7.689
 20
-12.928
 10
-7.617999999999999
 20
-12.824
 10
-7.541
 20
-12.725
 10
-7.457999999999999
 20
-12.63
 10
-7.369
 20
-12.542
 10
-7.275
 20
-12.458
 10
-7.176
 20
-12.381
 10
-7.072
 20
-12.311
 10
-6.964
 20
-12.247
 10
-6.852
 20
-12.19
 10
-6.737
 20
-12.14
 10
-6.617999999999999
 20
-12.097
 10
-6.497999999999999
 20
-12.062
 10
-6.375
 20
-12.035
 10
-6.251
 20
-12.015
 10
-6.126
 20
-12.003
 10
-6.0
 20
-11.999
 10
-5.875
 20
-12.003
 10
-5.75
 20
-12.015
 10
-5.626
 20
-12.035
 10
-5.502999999999999
 20
-12.062
 10
-5.382000000000001
 20
-12.097
 10
-5.263999999999999
 20
-12.14
 10
-5.149
 20
-12.19
 10
-5.037
 20
-12.247
 10
-4.928999999999999
 20
-12.311
 10
-4.825
 20
-12.381
 10
-4.725
 20
-12.458
 10
-4.631
 20
-12.542
 10
-4.542
 20
-12.63
 10
-4.459
 20
-12.725
 10
-4.382
 20
-12.824
 10
-4.312
 20
-12.928
 10
-4.248
 20
-13.036
 10
-4.191
 20
-13.148
 10
-4.141
 20
-13.263
 10
-4.098
 20
-13.381
 10
-4.063
 20
-13.502
 10
-4.036
 20
-13.625
 10
-4.016
 20
-13.749
 10
-4.004
 20
-13.874
 10
-4.0
 20
-13.999
 10
-4.0
 20
-14.499
 10
-4.5
 20
-14.499
 10
-4.5
 20
-13.999
 10
-4.503
 20
-13.905
 10
-4.512
 20
-13.811
 10
-4.527
 20
-13.718
 10
-4.547
 20
-13.626
 10
-4.574
 20
-13.536
 10
-4.606
 20
-13.447
 10
-4.643
 20
-13.361
 10
-4.686
 20
-13.277
 10
-4.734
 20
-13.196
 10
-4.787
 20
-13.118
 10
-4.845
 20
-13.043
 10
-4.907
 20
-12.973
 10
-4.973
 20
-12.906
 10
-5.044
 20
-12.844
 10
-5.119
 20
-12.786
 10
-5.197
 20
-12.733
 10
-5.278
 20
-12.685
 10
-5.362
 20
-12.642
 10
-5.448
 20
-12.605
 10
-5.537000000000001
 20
-12.573
 10
-5.627000000000001
 20
-12.547
 10
-5.718999999999999
 20
-12.526
 10
-5.812
 20
-12.511
 10
-5.906000000000001
 20
-12.502
 10
-6.0
 20
-12.499
 10
-6.093999999999999
 20
-12.502
 10
-6.188
 20
-12.511
 10
-6.281000000000001
 20
-12.526
 10
-6.372999999999999
 20
-12.547
 10
-6.464
 20
-12.573
 10
-6.552
 20
-12.605
 10
-6.638999999999999
 20
-12.642
 10
-6.723
 20
-12.685
 10
-6.803999999999999
 20
-12.733
 10
-6.882000000000001
 20
-12.786
 10
-6.956
 20
-12.844
 10
-7.027
 20
-12.906
 10
-7.093999999999999
 20
-12.973
 10
-7.156000000000001
 20
-13.043
 10
-7.214
 20
-13.118
 10
-7.267
 20
-13.196
 10
-7.315
 20
-13.277
 10
-7.358
 20
-13.361
 10
-7.395
 20
-13.447
 10
-7.427
 20
-13.536
 10
-7.452999999999999
 20
-13.626
 10
-7.474
 20
-13.718
 10
-7.488
 20
-13.811
 10
-7.497000000000001
 20
-13.905
 10
-7.5
 20
-13.999
 10
-7.5
 20
-14.499
  0
LWPOLYLINE
  5
E9A
330
6F
100
AcDbEntity
  8
L2D2100
100
AcDbPolyline
 90
      106
 70
     1
 43
0.0
 10
-15.001
 20
-14.499
 10
-15.001
 20
-13.999
 10
-14.998
 20
-13.874
 10
-14.986
 20
-13.749
 10
-14.966
 20
-13.625
 10
-14.939
 20
-13.502
 10
-14.904
 20
-13.381
 10
-14.861
 20
-13.263
 10
-14.811
 20
-13.148
 10
-14.754
 20
-13.036
 10
-14.69
 20
-12.928
 10
-14.62
 20
-12.824
 10
-14.543
 20
-12.725
 10
-14.459
 20
-12.63
 10
-14.371
 20
-12.542
 10
-14.276
 20
-12.458
 10
-14.177
 20
-12.381
 10
-14.073
 20
-12.311
 10
-13.965
 20
-12.247
 10
-13.853
 20
-12.19
 10
-13.738
 20
-12.14
 10
-13.62
 20
-12.097
 10
-13.499
 20
-12.062
 10
-13.376
 20
-12.035
 10
-13.252
 20
-12.015
 10
-13.127
 20
-12.003
 10
-13.001
 20
-11.999
 10
-12.876
 20
-12.003
 10
-12.751
 20
-12.015
 10
-12.627
 20
-12.035
 10
-12.504
 20
-12.062
 10
-12.383
 20
-12.097
 10
-12.265
 20
-12.14
 10
-12.15
 20
-12.19
 10
-12.038
 20
-12.247
 10
-11.93
 20
-12.311
 10
-11.826
 20
-12.381
 10
-11.727
 20
-12.458
 10
-11.632
 20
-12.542
 10
-11.544
 20
-12.63
 10
-11.46
 20
-12.725
 10
-11.383
 20
-12.824
 10
-11.313
 20
-12.928
 10
-11.249
 20
-13.036
 10
-11.192
 20
-13.148
 10
-11.142
 20
-13.263
 10
-11.099
 20
-13.381
 10
-11.064
 20
-13.502
 10
-11.037
 20
-13.625
 10
-11.017
 20
-13.749
 10
-11.005
 20
-13.874
 10
-11.001
 20
-13.999
 10
-11.001
 20
-14.499
 10
-11.501
 20
-14.499
 10
-11.501
 20
-13.999
 10
-11.504
 20
-13.905
 10
-11.513
 20
-13.811
 10
-11.528
 20
-13.718
 10
-11.549
 20
-13.626
 10
-11.575
 20
-13.536
 10
-11.607
 20
-13.447
 10
-11.644
 20
-13.361
 10
-11.687
 20
-13.277
 10
-11.735
 20
-13.196
 10
-11.788
 20
-13.118
 10
-11.846
 20
-13.043
 10
-11.908
 20
-12.973
 10
-11.975
 20
-12.906
 10
-12.045
 20
-12.844
 10
-12.12
 20
-12.786
 10
-12.198
 20
-12.733
 10
-12.279
 20
-12.685
 10
-12.363
 20
-12.642
 10
-12.449
 20
-12.605
 10
-12.538
 20
-12.573
 10
-12.628
 20
-12.547
 10
-12.72
 20
-12.526
 10
-12.813
 20
-12.511
 10
-12.907
 20
-12.502
 10
-13.001
 20
-12.499
 10
-13.096
 20
-12.502
 10
-13.189
 20
-12.511
 10
-13.283
 20
-12.526
 10
-13.375
 20
-12.547
 10
-13.465
 20
-12.573
 10
-13.554
 20
-12.605
 10
-13.64
 20
-12.642
 10
-13.724
 20
-12.685
 10
-13.805
 20
-12.733
 10
-13.883
 20
-12.786
 10
-13.958
 20
-12.844
 10
-14.028
 20
-12.906
 10
-14.095
 20
-12.973
 10
-14.157
 20
-13.043
 10
-14.215
 20
-13.118
 10
-14.268
 20
-13.196
 10
-14.316
 20
-13.277
 10
-14.359
 20
-13.361
 10
-14.396
 20
-13.447
 10
-14.428
 20
-13.536
 10
-14.454
 20
-13.626
 10
-14.475
 20
-13.718
 10
-14.49
 20
-13.811
 10
-14.499
 20
-13.905
 10
-14.501
 20
-13.999
 10
-14.501
 20
-14.499
  0
LWPOLYLINE
  5
F06
330
6F
100
AcDbEntity
  8
L2D2100
100
AcDbPolyline
 90
      106
 70
     1
 43
0.0
 10
-9.5
 20
-28.5
 10
-9.626
 20
-28.496
 10
-9.751
 20
-28.484
 10
-9.875
 20
-28.464
 10
-9.998
 20
-28.437
 10
-10.118
 20
-28.402
 10
-10.237
 20
-28.359
 10
-10.352
 20
-28.309
 10
-10.464
 20
-28.252
 10
-10.572
 20
-28.188
 10
-10.676
 20
-28.118
 10
-10.775
 20
-28.041
 10
-10.869
 20
-27.957
 10
-10.958
 20
-27.869
 10
-11.041
 20
-27.774
 10
-11.118
 20
-27.675
 10
-11.189
 20
-27.571
 10
-11.253
 20
-27.463
 10
-11.31
 20
-27.351
 10
-11.36
 20
-27.236
 10
-11.402
 20
-27.118
 10
-11.437
 20
-26.997
 10
-11.465
 20
-26.874
 10
-11.485
 20
-26.75
 10
-11.496
 20
-26.625
 10
-11.5
 20
-26.5
 10
-11.5
 20
-26.0
 10
-11.0
 20
-26.0
 10
-11.0
 20
-26.5
 10
-10.997
 20
-26.594
 10
-10.988
 20
-26.688
 10
-10.974
 20
-26.781
 10
-10.953
 20
-26.873
 10
-10.927
 20
-26.963
 10
-10.895
 20
-27.052
 10
-10.858
 20
-27.138
 10
-10.815
 20
-27.222
 10
-10.767
 20
-27.303
 10
-10.714
 20
-27.381
 10
-10.656
 20
-27.456
 10
-10.594
 20
-27.526
 10
-10.527
 20
-27.593
 10
-10.456
 20
-27.655
 10
-10.382
 20
-27.713
 10
-10.304
 20
-27.766
 10
-10.223
 20
-27.814
 10
-10.139
 20
-27.857
 10
-10.052
 20
-27.894
 10
-9.964
 20
-27.926
 10
-9.873
 20
-27.952
 10
-9.781
 20
-27.973
 10
-9.687999999999999
 20
-27.988
 10
-9.594
 20
-27.997
 10
-9.5
 20
-28.0
 10
-9.406
 20
-27.997
 10
-9.312000000000001
 20
-27.988
 10
-9.219
 20
-27.973
 10
-9.127
 20
-27.952
 10
-9.037
 20
-27.926
 10
-8.948
 20
-27.894
 10
-8.862
 20
-27.857
 10
-8.777999999999999
 20
-27.814
 10
-8.697000000000001
 20
-27.766
 10
-8.619
 20
-27.713
 10
-8.544
 20
-27.655
 10
-8.472999999999999
 20
-27.593
 10
-8.407
 20
-27.526
 10
-8.345
 20
-27.456
 10
-8.287
 20
-27.381
 10
-8.234
 20
-27.303
 10
-8.186
 20
-27.222
 10
-8.142999999999999
 20
-27.138
 10
-8.106
 20
-27.052
 10
-8.074
 20
-26.963
 10
-8.047
 20
-26.873
 10
-8.027000000000001
 20
-26.781
 10
-8.012
 20
-26.688
 10
-8.003
 20
-26.594
 10
-8.0
 20
-26.5
 10
-8.0
 20
-26.0
 10
-7.5
 20
-26.0
 10
-7.5
 20
-26.5
 10
-7.504
 20
-26.625
 10
-7.516
 20
-26.75
 10
-7.536
 20
-26.874
 10
-7.563
 20
-26.997
 10
-7.598
 20
-27.118
 10
-7.641
 20
-27.236
 10
-7.691
 20
-27.351
 10
-7.747999999999999
 20
-27.463
 10
-7.812
 20
-27.571
 10
-7.882000000000001
 20
-27.675
 10
-7.959
 20
-27.774
 10
-8.042
 20
-27.869
 10
-8.131
 20
-27.957
 10
-8.225
 20
-28.041
 10
-8.325
 20
-28.118
 10
-8.429
 20
-28.188
 10
-8.537
 20
-28.252
 10
-8.649
 20
-28.309
 10
-8.764
 20
-28.359
 10
-8.882
 20
-28.402
 10
-9.003
 20
-28.437
 10
-9.126
 20
-28.464
 10
-9.25
 20
-28.484
 10
-9.375
 20
-28.496
  0
LWPOLYLINE
  5
F72
330
6F
100
AcDbEntity
  8
L2D2100
100
AcDbPolyline
 90
       58
 70
     1
 43
0.0
 10
-3.5
 20
-23.0
 10
-3.561
 20
-22.998
 10
-3.621
 20
-22.992
 10
-3.681
 20
-22.983
 10
-3.74
 20
-22.97
 10
-3.798
 20
-22.954
 10
-3.855
 20
-22.935
 10
-3.911
 20
-22.911
 10
-3.965
 20
-22.885
 10
-4.018
 20
-22.855
 10
-4.068000000000001
 20
-22.823
 10
-4.117
 20
-22.787
 10
-4.163
 20
-22.748
 10
-4.207
 20
-22.707
 10
-4.249
 20
-22.663
 10
-4.287
 20
-22.616
 10
-4.323
 20
-22.568
 10
-4.356
 20
-22.517
 10
-4.386
 20
-22.464
 10
-4.412
 20
-22.41
 10
-4.435
 20
-22.354
 10
-4.455
 20
-22.297
 10
-4.471
 20
-22.239
 10
-4.484
 20
-22.18
 10
-4.493
 20
-22.12
 10
-4.498
 20
-22.06
 10
-4.5
 20
-22.0
 10
-4.5
 20
-21.5
 10
-4.0
 20
-21.5
 10
-4.0
 20
-22.0
 10
-3.999
 20
-22.03
 10
-3.997
 20
-22.06
 10
-3.992
 20
-22.09
 10
-3.986
 20
-22.119
 10
-3.978
 20
-22.148
 10
-3.968
 20
-22.177
 10
-3.956
 20
-22.205
 10
-3.943
 20
-22.232
 10
-3.928
 20
-22.258
 10
-3.912
 20
-22.284
 10
-3.894
 20
-22.308
 10
-3.875
 20
-22.331
 10
-3.854
 20
-22.353
 10
-3.832
 20
-22.374
 10
-3.809
 20
-22.393
 10
-3.784
 20
-22.411
 10
-3.759
 20
-22.427
 10
-3.733
 20
-22.442
 10
-3.705
 20
-22.455
 10
-3.678
 20
-22.467
 10
-3.649
 20
-22.477
 10
-3.62
 20
-22.485
 10
-3.59
 20
-22.491
 10
-3.561
 20
-22.496
 10
-3.53
 20
-22.499
 10
-3.5
 20
-22.5
 10
-3.0
 20
-22.5
 10
-3.0
 20
-23.0
  0
LWPOLYLINE
  5
FAE
330
6F
100
AcDbEntity
  8
L2D2100
100
AcDbPolyline
 90
        4
 70
     1
 43
0.0
 10
-11.501
 20
-47.0
 10
-11.5
 20
-34.5
 10
-11.0
 20
-34.5
 10
-11.001
 20
-47.0
  0
LWPOLYLINE
  5
FB4
330
6F
100
AcDbEntity
  8
L2D2100
100
AcDbPolyline
 90
      106
 70
     1
 43
0.0
 10
-6.0
 20
-49.0
 10
-6.126
 20
-48.996
 10
-6.251
 20
-48.98399999999999
 10
-6.375
 20
-48.964
 10
-6.497999999999999
 20
-48.937
 10
-6.617999999999999
 20
-48.902
 10
-6.737
 20
-48.85899999999999
 10
-6.852
 20
-48.809
 10
-6.964
 20
-48.752
 10
-7.072
 20
-48.688
 10
-7.176
 20
-48.618
 10
-7.275
 20
-48.541
 10
-7.369
 20
-48.458
 10
-7.457999999999999
 20
-48.369
 10
-7.541
 20
-48.27399999999999
 10
-7.617999999999999
 20
-48.175
 10
-7.689
 20
-48.07100000000001
 10
-7.752999999999999
 20
-47.963
 10
-7.81
 20
-47.85100000000001
 10
-7.86
 20
-47.736
 10
-7.902
 20
-47.618
 10
-7.937
 20
-47.497
 10
-7.965
 20
-47.374
 10
-7.985
 20
-47.25
 10
-7.996
 20
-47.125
 10
-8.0
 20
-47.0
 10
-8.0
 20
-46.5
 10
-7.5
 20
-46.5
 10
-7.5
 20
-47.0
 10
-7.497000000000001
 20
-47.09399999999999
 10
-7.488
 20
-47.188
 10
-7.474
 20
-47.28100000000001
 10
-7.452999999999999
 20
-47.373
 10
-7.427
 20
-47.463
 10
-7.395
 20
-47.552
 10
-7.358
 20
-47.63800000000001
 10
-7.315
 20
-47.722
 10
-7.267
 20
-47.803
 10
-7.214
 20
-47.881
 10
-7.156000000000001
 20
-47.956
 10
-7.093999999999999
 20
-48.026
 10
-7.027
 20
-48.093
 10
-6.956
 20
-48.155
 10
-6.882000000000001
 20
-48.213
 10
-6.803999999999999
 20
-48.26600000000001
 10
-6.723
 20
-48.31399999999999
 10
-6.638999999999999
 20
-48.357
 10
-6.552
 20
-48.394
 10
-6.464
 20
-48.426
 10
-6.372999999999999
 20
-48.452
 10
-6.281000000000001
 20
-48.473
 10
-6.188
 20
-48.488
 10
-6.093999999999999
 20
-48.497
 10
-6.0
 20
-48.5
 10
-5.906000000000001
 20
-48.497
 10
-5.812
 20
-48.488
 10
-5.718999999999999
 20
-48.473
 10
-5.627000000000001
 20
-48.452
 10
-5.537000000000001
 20
-48.426
 10
-5.448
 20
-48.394
 10
-5.362
 20
-48.357
 10
-5.278
 20
-48.31399999999999
 10
-5.197
 20
-48.26600000000001
 10
-5.119
 20
-48.213
 10
-5.044
 20
-48.155
 10
-4.973
 20
-48.093
 10
-4.907
 20
-48.026
 10
-4.845
 20
-47.956
 10
-4.787
 20
-47.881
 10
-4.734
 20
-47.803
 10
-4.686
 20
-47.722
 10
-4.643
 20
-47.63800000000001
 10
-4.606
 20
-47.552
 10
-4.574
 20
-47.463
 10
-4.547
 20
-47.373
 10
-4.527
 20
-47.28100000000001
 10
-4.512
 20
-47.188
 10
-4.503
 20
-47.09399999999999
 10
-4.5
 20
-47.0
 10
-4.5
 20
-46.5
 10
-4.0
 20
-46.5
 10
-4.0
 20
-47.0
 10
-4.004
 20
-47.125
 10
-4.016
 20
-47.25
 10
-4.036
 20
-47.374
 10
-4.063
 20
-47.497
 10
-4.098
 20
-47.618
 10
-4.141
 20
-47.736
 10
-4.191
 20
-47.85100000000001
 10
-4.248
 20
-47.963
 10
-4.312
 20
-48.07100000000001
 10
-4.382
 20
-48.175
 10
-4.459
 20
-48.27399999999999
 10
-4.542
 20
-48.369
 10
-4.631
 20
-48.458
 10
-4.725
 20
-48.541
 10
-4.825
 20
-48.618
 10
-4.928999999999999
 20
-48.688
 10
-5.037
 20
-48.752
 10
-5.149
 20
-48.809
 10
-5.263999999999999
 20
-48.85899999999999
 10
-5.382000000000001
 20
-48.902
 10
-5.502999999999999
 20
-48.937
 10
-5.626
 20
-48.964
 10
-5.75
 20
-48.98399999999999
 10
-5.875
 20
-48.996
  0
LWPOLYLINE
  5
1020
330
6F
100
AcDbEntity
  8
L2D2100
100
AcDbPolyline
 90
      106
 70
     1
 43
0.0
 10
-13.001
 20
-49.0
 10
-13.127
 20
-48.996
 10
-13.252
 20
-48.98399999999999
 10
-13.376
 20
-48.964
 10
-13.499
 20
-48.937
 10
-13.62
 20
-48.902
 10
-13.738
 20
-48.85899999999999
 10
-13.853
 20
-48.809
 10
-13.965
 20
-48.752
 10
-14.073
 20
-48.688
 10
-14.177
 20
-48.618
 10
-14.276
 20
-48.541
 10
-14.371
 20
-48.458
 10
-14.459
 20
-48.369
 10
-14.543
 20
-48.27399999999999
 10
-14.62
 20
-48.175
 10
-14.69
 20
-48.07100000000001
 10
-14.754
 20
-47.963
 10
-14.811
 20
-47.85100000000001
 10
-14.861
 20
-47.736
 10
-14.904
 20
-47.618
 10
-14.939
 20
-47.497
 10
-14.966
 20
-47.374
 10
-14.986
 20
-47.25
 10
-14.998
 20
-47.125
 10
-15.001
 20
-47.0
 10
-15.001
 20
-46.5
 10
-14.501
 20
-46.5
 10
-14.501
 20
-47.0
 10
-14.499
 20
-47.09399999999999
 10
-14.49
 20
-47.188
 10
-14.475
 20
-47.28100000000001
 10
-14.454
 20
-47.373
 10
-14.428
 20
-47.463
 10
-14.396
 20
-47.552
 10
-14.359
 20
-47.63800000000001
 10
-14.316
 20
-47.722
 10
-14.268
 20
-47.803
 10
-14.215
 20
-47.881
 10
-14.157
 20
-47.956
 10
-14.095
 20
-48.026
 10
-14.028
 20
-48.093
 10
-13.958
 20
-48.155
 10
-13.883
 20
-48.213
 10
-13.805
 20
-48.26600000000001
 10
-13.724
 20
-48.31399999999999
 10
-13.64
 20
-48.357
 10
-13.554
 20
-48.394
 10
-13.465
 20
-48.426
 10
-13.375
 20
-48.452
 10
-13.283
 20
-48.473
 10
-13.189
 20
-48.488
 10
-13.096
 20
-48.497
 10
-13.001
 20
-48.5
 10
-12.907
 20
-48.497
 10
-12.813
 20
-48.488
 10
-12.72
 20
-48.473
 10
-12.628
 20
-48.452
 10
-12.538
 20
-48.426
 10
-12.449
 20
-48.394
 10
-12.363
 20
-48.357
 10
-12.279
 20
-48.31399999999999
 10
-12.198
 20
-48.26600000000001
 10
-12.12
 20
-48.213
 10
-12.045
 20
-48.155
 10
-11.975
 20
-48.093
 10
-11.908
 20
-48.026
 10
-11.846
 20
-47.956
 10
-11.788
 20
-47.881
 10
-11.735
 20
-47.803
 10
-11.687
 20
-47.722
 10
-11.644
 20
-47.63800000000001
 10
-11.607
 20
-47.552
 10
-11.575
 20
-47.463
 10
-11.549
 20
-47.373
 10
-11.528
 20
-47.28100000000001
 10
-11.513
 20
-47.188
 10
-11.504
 20
-47.09399999999999
 10
-11.501
 20
-47.0
 10
-11.501
 20
-46.5
 10
-11.001
 20
-46.5
 10
-11.001
 20
-47.0
 10
-11.005
 20
-47.125
 10
-11.017
 20
-47.25
 10
-11.037
 20
-47.374
 10
-11.064
 20
-47.497
 10
-11.099
 20
-47.618
 10
-11.142
 20
-47.736
 10
-11.192
 20
-47.85100000000001
 10
-11.249
 20
-47.963
 10
-11.313
 20
-48.07100000000001
 10
-11.383
 20
-48.175
 10
-11.46
 20
-48.27399999999999
 10
-11.544
 20
-48.369
 10
-11.632
 20
-48.458
 10
-11.727
 20
-48.541
 10
-11.826
 20
-48.618
 10
-11.93
 20
-48.688
 10
-12.038
 20
-48.752
 10
-12.15
 20
-48.809
 10
-12.265
 20
-48.85899999999999
 10
-12.383
 20
-48.902
 10
-12.504
 20
-48.937
 10
-12.627
 20
-48.964
 10
-12.751
 20
-48.98399999999999
 10
-12.876
 20
-48.996
  0
LWPOLYLINE
  5
108C
330
6F
100
AcDbEntity
  8
L2D2100
100
AcDbPolyline
 90
      106
 70
     1
 43
0.0
 10
-11.5
 20
-35.0
 10
-11.5
 20
-34.5
 10
-11.496
 20
-34.374
 10
-11.485
 20
-34.249
 10
-11.465
 20
-34.125
 10
-11.437
 20
-34.002
 10
-11.402
 20
-33.881
 10
-11.36
 20
-33.76300000000001
 10
-11.31
 20
-33.648
 10
-11.253
 20
-33.536
 10
-11.189
 20
-33.428
 10
-11.118
 20
-33.324
 10
-11.041
 20
-33.225
 10
-10.958
 20
-33.13
 10
-10.869
 20
-33.042
 10
-10.775
 20
-32.958
 10
-10.676
 20
-32.881
 10
-10.572
 20
-32.811
 10
-10.464
 20
-32.747
 10
-10.352
 20
-32.69
 10
-10.237
 20
-32.64
 10
-10.118
 20
-32.597
 10
-9.998
 20
-32.562
 10
-9.875
 20
-32.535
 10
-9.751
 20
-32.515
 10
-9.626
 20
-32.503
 10
-9.5
 20
-32.5
 10
-9.375
 20
-32.503
 10
-9.25
 20
-32.515
 10
-9.126
 20
-32.535
 10
-9.003
 20
-32.562
 10
-8.882
 20
-32.597
 10
-8.764
 20
-32.64
 10
-8.649
 20
-32.69
 10
-8.537
 20
-32.747
 10
-8.429
 20
-32.811
 10
-8.325
 20
-32.881
 10
-8.225
 20
-32.958
 10
-8.131
 20
-33.042
 10
-8.042
 20
-33.13
 10
-7.959
 20
-33.225
 10
-7.882000000000001
 20
-33.324
 10
-7.812
 20
-33.428
 10
-7.747999999999999
 20
-33.536
 10
-7.691
 20
-33.648
 10
-7.641
 20
-33.76300000000001
 10
-7.598
 20
-33.881
 10
-7.563
 20
-34.002
 10
-7.536
 20
-34.125
 10
-7.516
 20
-34.249
 10
-7.504
 20
-34.374
 10
-7.5
 20
-34.5
 10
-7.5
 20
-35.0
 10
-8.0
 20
-35.0
 10
-8.0
 20
-34.5
 10
-8.003
 20
-34.405
 10
-8.012
 20
-34.312
 10
-8.027000000000001
 20
-34.218
 10
-8.047
 20
-34.126
 10
-8.074
 20
-34.036
 10
-8.106
 20
-33.947
 10
-8.142999999999999
 20
-33.861
 10
-8.186
 20
-33.777
 10
-8.234
 20
-33.696
 10
-8.287
 20
-33.618
 10
-8.345
 20
-33.543
 10
-8.407
 20
-33.473
 10
-8.472999999999999
 20
-33.406
 10
-8.544
 20
-33.344
 10
-8.619
 20
-33.286
 10
-8.697000000000001
 20
-33.233
 10
-8.777999999999999
 20
-33.185
 10
-8.862
 20
-33.142
 10
-8.948
 20
-33.105
 10
-9.037
 20
-33.073
 10
-9.127
 20
-33.047
 10
-9.219
 20
-33.026
 10
-9.312000000000001
 20
-33.011
 10
-9.406
 20
-33.002
 10
-9.5
 20
-33.0
 10
-9.594
 20
-33.002
 10
-9.687999999999999
 20
-33.011
 10
-9.781
 20
-33.026
 10
-9.873
 20
-33.047
 10
-9.964
 20
-33.073
 10
-10.052
 20
-33.105
 10
-10.139
 20
-33.142
 10
-10.223
 20
-33.185
 10
-10.304
 20
-33.233
 10
-10.382
 20
-33.286
 10
-10.456
 20
-33.344
 10
-10.527
 20
-33.406
 10
-10.594
 20
-33.473
 10
-10.656
 20
-33.543
 10
-10.714
 20
-33.618
 10
-10.767
 20
-33.696
 10
-10.815
 20
-33.777
 10
-10.858
 20
-33.861
 10
-10.895
 20
-33.947
 10
-10.927
 20
-34.036
 10
-10.953
 20
-34.126
 10
-10.974
 20
-34.218
 10
-10.988
 20
-34.312
 10
-10.997
 20
-34.405
 10
-11.0
 20
-34.5
 10
-11.0
 20
-35.0
  0
LWPOLYLINE
  5
10F8
330
6F
100
AcDbEntity
  8
L2D2100
100
AcDbPolyline
 90
      106
 70
     1
 43
0.0
 10
16.5
 20
2.0
 10
16.374
 20
2.004
 10
16.249
 20
2.016
 10
16.125
 20
2.036
 10
16.002
 20
2.063
 10
15.882
 20
2.098
 10
15.763
 20
2.141
 10
15.648
 20
2.191
 10
15.536
 20
2.248
 10
15.428
 20
2.312
 10
15.324
 20
2.382
 10
15.225
 20
2.459
 10
15.131
 20
2.543
 10
15.042
 20
2.631
 10
14.959
 20
2.726
 10
14.882
 20
2.825
 10
14.811
 20
2.929
 10
14.747
 20
3.037
 10
14.69
 20
3.149
 10
14.64
 20
3.264
 10
14.598
 20
3.382
 10
14.563
 20
3.503
 10
14.535
 20
3.626
 10
14.515
 20
3.75
 10
14.504
 20
3.875
 10
14.5
 20
4.0
 10
14.5
 20
4.5
 10
15.0
 20
4.5
 10
15.0
 20
4.0
 10
15.003
 20
3.906
 10
15.012
 20
3.812
 10
15.026
 20
3.719
 10
15.047
 20
3.627
 10
15.073
 20
3.537
 10
15.105
 20
3.448
 10
15.142
 20
3.362
 10
15.185
 20
3.278
 10
15.233
 20
3.197
 10
15.286
 20
3.119
 10
15.344
 20
3.044
 10
15.406
 20
2.974
 10
15.473
 20
2.907
 10
15.544
 20
2.845
 10
15.618
 20
2.787
 10
15.696
 20
2.734
 10
15.777
 20
2.686
 10
15.861
 20
2.643
 10
15.948
 20
2.606
 10
16.036
 20
2.574
 10
16.127
 20
2.548
 10
16.219
 20
2.527
 10
16.312
 20
2.512
 10
16.406
 20
2.503
 10
16.5
 20
2.5
 10
16.594
 20
2.503
 10
16.688
 20
2.512
 10
16.781
 20
2.527
 10
16.873
 20
2.548
 10
16.963
 20
2.574
 10
17.052
 20
2.606
 10
17.138
 20
2.643
 10
17.222
 20
2.686
 10
17.303
 20
2.734
 10
17.381
 20
2.787
 10
17.456
 20
2.845
 10
17.527
 20
2.907
 10
17.593
 20
2.974
 10
17.655
 20
3.044
 10
17.713
 20
3.119
 10
17.766
 20
3.197
 10
17.814
 20
3.278
 10
17.857
 20
3.362
 10
17.894
 20
3.448
 10
17.926
 20
3.537
 10
17.953
 20
3.627
 10
17.973
 20
3.719
 10
17.988
 20
3.812
 10
17.997
 20
3.906
 10
18.0
 20
4.0
 10
18.0
 20
4.5
 10
18.5
 20
4.5
 10
18.5
 20
4.0
 10
18.496
 20
3.875
 10
18.484
 20
3.75
 10
18.464
 20
3.626
 10
18.437
 20
3.503
 10
18.402
 20
3.382
 10
18.359
 20
3.264
 10
18.309
 20
3.149
 10
18.252
 20
3.037
 10
18.188
 20
2.929
 10
18.118
 20
2.825
 10
18.041
 20
2.726
 10
17.958
 20
2.631
 10
17.869
 20
2.543
 10
17.775
 20
2.459
 10
17.675
 20
2.382
 10
17.571
 20
2.312
 10
17.463
 20
2.248
 10
17.351
 20
2.191
 10
17.236
 20
2.141
 10
17.118
 20
2.098
 10
16.997
 20
2.063
 10
16.874
 20
2.036
 10
16.75
 20
2.016
 10
16.625
 20
2.004
  0
LWPOLYLINE
  5
1164
330
6F
100
AcDbEntity
  8
L2D2100
100
AcDbPolyline
 90
       58
 70
     1
 43
0.0
 10
3.0
 20
7.5
 10
3.0
 20
8.0
 10
3.5
 20
8.0
 10
3.53
 20
8.001
 10
3.56
 20
8.004
 10
3.59
 20
8.009
 10
3.619
 20
8.015
 10
3.648
 20
8.023
 10
3.677
 20
8.033
 10
3.705
 20
8.045
 10
3.732
 20
8.058
 10
3.758
 20
8.073
 10
3.784
 20
8.089
 10
3.808
 20
8.107000000000001
 10
3.831
 20
8.126
 10
3.853
 20
8.147
 10
3.874
 20
8.169
 10
3.893
 20
8.192
 10
3.911
 20
8.216000000000001
 10
3.928
 20
8.242
 10
3.942
 20
8.267999999999999
 10
3.956
 20
8.295
 10
3.967
 20
8.323
 10
3.977
 20
8.352
 10
3.985
 20
8.381
 10
3.992
 20
8.41
 10
3.996
 20
8.44
 10
3.999
 20
8.47
 10
4.0
 20
8.5
 10
4.0
 20
9.0
 10
4.5
 20
9.0
 10
4.5
 20
8.5
 10
4.498
 20
8.44
 10
4.492
 20
8.38
 10
4.483000000000001
 20
8.32
 10
4.471
 20
8.261000000000001
 10
4.454
 20
8.203
 10
4.435
 20
8.146
 10
4.412
 20
8.09
 10
4.385
 20
8.036
 10
4.355
 20
7.983
 10
4.323
 20
7.932
 10
4.287
 20
7.883999999999999
 10
4.248
 20
7.837000000000001
 10
4.207
 20
7.792999999999999
 10
4.163
 20
7.752000000000001
 10
4.116000000000001
 20
7.712999999999999
 10
4.068000000000001
 20
7.677
 10
4.016999999999999
 20
7.645
 10
3.964
 20
7.615
 10
3.91
 20
7.589
 10
3.854
 20
7.565
 10
3.797
 20
7.546
 10
3.739
 20
7.53
 10
3.68
 20
7.517
 10
3.62
 20
7.507999999999999
 10
3.56
 20
7.502000000000001
 10
3.5
 20
7.5
  0
LWPOLYLINE
  5
11A0
330
6F
100
AcDbEntity
  8
L2D2100
100
AcDbPolyline
 90
      106
 70
     1
 43
0.0
 10
25.0
 20
16.0
 10
25.0
 20
16.5
 10
25.004
 20
16.626
 10
25.015
 20
16.751
 10
25.035
 20
16.875
 10
25.063
 20
16.998
 10
25.098
 20
17.118
 10
25.14
 20
17.237
 10
25.19
 20
17.352
 10
25.247
 20
17.464
 10
25.311
 20
17.572
 10
25.382
 20
17.676
 10
25.459
 20
17.775
 10
25.542
 20
17.87
 10
25.631
 20
17.958
 10
25.725
 20
18.041
 10
25.824
 20
18.118
 10
25.928
 20
18.189
 10
26.036
 20
18.253
 10
26.148
 20
18.31
 10
26.263
 20
18.36
 10
26.382
 20
18.403
 10
26.502
 20
18.438
 10
26.625
 20
18.465
 10
26.749
 20
18.485
 10
26.874
 20
18.496
 10
27.0
 20
18.5
 10
27.125
 20
18.496
 10
27.25
 20
18.485
 10
27.374
 20
18.465
 10
27.497
 20
18.438
 10
27.618
 20
18.403
 10
27.736
 20
18.36
 10
27.851
 20
18.31
 10
27.963
 20
18.253
 10
28.071
 20
18.189
 10
28.175
 20
18.118
 10
28.275
 20
18.041
 10
28.369
 20
17.958
 10
28.458
 20
17.87
 10
28.541
 20
17.775
 10
28.618
 20
17.676
 10
28.688
 20
17.572
 10
28.752
 20
17.464
 10
28.809
 20
17.352
 10
28.859
 20
17.237
 10
28.902
 20
17.118
 10
28.937
 20
16.998
 10
28.964
 20
16.875
 10
28.984
 20
16.751
 10
28.996
 20
16.626
 10
29.0
 20
16.5
 10
29.0
 20
16.0
 10
28.5
 20
16.0
 10
28.5
 20
16.5
 10
28.497
 20
16.595
 10
28.488
 20
16.688
 10
28.473
 20
16.781
 10
28.453
 20
16.873
 10
28.426
 20
16.964
 10
28.394
 20
17.053
 10
28.357
 20
17.139
 10
28.314
 20
17.223
 10
28.266
 20
17.304
 10
28.213
 20
17.382
 10
28.155
 20
17.457
 10
28.093
 20
17.527
 10
28.027
 20
17.594
 10
27.956
 20
17.656
 10
27.881
 20
17.714
 10
27.803
 20
17.767
 10
27.722
 20
17.815
 10
27.638
 20
17.858
 10
27.552
 20
17.895
 10
27.463
 20
17.927
 10
27.373
 20
17.953
 10
27.281
 20
17.974
 10
27.188
 20
17.989
 10
27.094
 20
17.997
 10
27.0
 20
18.0
 10
26.906
 20
17.997
 10
26.812
 20
17.989
 10
26.719
 20
17.974
 10
26.627
 20
17.953
 10
26.536
 20
17.927
 10
26.448
 20
17.895
 10
26.361
 20
17.858
 10
26.277
 20
17.815
 10
26.196
 20
17.767
 10
26.118
 20
17.714
 10
26.044
 20
17.656
 10
25.973
 20
17.594
 10
25.906
 20
17.527
 10
25.844
 20
17.457
 10
25.786
 20
17.382
 10
25.733
 20
17.304
 10
25.685
 20
17.223
 10
25.642
 20
17.139
 10
25.605
 20
17.053
 10
25.573
 20
16.964
 10
25.547
 20
16.873
 10
25.526
 20
16.781
 10
25.512
 20
16.688
 10
25.503
 20
16.595
 10
25.5
 20
16.5
 10
25.5
 20
16.0
  0
LWPOLYLINE
  5
120C
330
6F
100
AcDbEntity
  8
L2D2100
100
AcDbPolyline
 90
      106
 70
     1
 43
0.0
 10
23.5
 20
2.0
 10
23.374
 20
2.004
 10
23.249
 20
2.016
 10
23.125
 20
2.036
 10
23.002
 20
2.063
 10
22.882
 20
2.098
 10
22.763
 20
2.141
 10
22.648
 20
2.191
 10
22.536
 20
2.248
 10
22.428
 20
2.312
 10
22.324
 20
2.382
 10
22.225
 20
2.459
 10
22.131
 20
2.542
 10
22.042
 20
2.631
 10
21.959
 20
2.726
 10
21.882
 20
2.825
 10
21.811
 20
2.929
 10
21.747
 20
3.037
 10
21.69
 20
3.149
 10
21.64
 20
3.264
 10
21.598
 20
3.382
 10
21.563
 20
3.503
 10
21.535
 20
3.626
 10
21.515
 20
3.75
 10
21.504
 20
3.875
 10
21.5
 20
4.0
 10
21.5
 20
4.5
 10
22.0
 20
4.5
 10
22.0
 20
4.0
 10
22.003
 20
3.906
 10
22.012
 20
3.812
 10
22.026
 20
3.719
 10
22.047
 20
3.627
 10
22.073
 20
3.537
 10
22.105
 20
3.448
 10
22.142
 20
3.362
 10
22.185
 20
3.278
 10
22.233
 20
3.197
 10
22.286
 20
3.119
 10
22.344
 20
3.044
 10
22.406
 20
2.974
 10
22.473
 20
2.907
 10
22.544
 20
2.845
 10
22.618
 20
2.787
 10
22.696
 20
2.734
 10
22.777
 20
2.686
 10
22.861
 20
2.643
 10
22.948
 20
2.606
 10
23.036
 20
2.574
 10
23.127
 20
2.548
 10
23.219
 20
2.527
 10
23.312
 20
2.512
 10
23.406
 20
2.503
 10
23.5
 20
2.5
 10
23.594
 20
2.503
 10
23.688
 20
2.512
 10
23.781
 20
2.527
 10
23.873
 20
2.548
 10
23.963
 20
2.574
 10
24.052
 20
2.606
 10
24.138
 20
2.643
 10
24.222
 20
2.686
 10
24.303
 20
2.734
 10
24.381
 20
2.787
 10
24.456
 20
2.845
 10
24.527
 20
2.907
 10
24.593
 20
2.974
 10
24.655
 20
3.044
 10
24.713
 20
3.119
 10
24.766
 20
3.197
 10
24.814
 20
3.278
 10
24.857
 20
3.362
 10
24.894
 20
3.448
 10
24.926
 20
3.537
 10
24.953
 20
3.627
 10
24.973
 20
3.719
 10
24.988
 20
3.812
 10
24.997
 20
3.906
 10
25.0
 20
4.0
 10
25.0
 20
4.5
 10
25.5
 20
4.5
 10
25.5
 20
4.0
 10
25.496
 20
3.875
 10
25.484
 20
3.75
 10
25.464
 20
3.626
 10
25.437
 20
3.503
 10
25.402
 20
3.382
 10
25.359
 20
3.264
 10
25.309
 20
3.149
 10
25.252
 20
3.037
 10
25.188
 20
2.929
 10
25.118
 20
2.825
 10
25.041
 20
2.726
 10
24.958
 20
2.631
 10
24.869
 20
2.542
 10
24.775
 20
2.459
 10
24.675
 20
2.382
 10
24.571
 20
2.312
 10
24.463
 20
2.248
 10
24.351
 20
2.191
 10
24.236
 20
2.141
 10
24.118
 20
2.098
 10
23.997
 20
2.063
 10
23.874
 20
2.036
 10
23.75
 20
2.016
 10
23.625
 20
2.004
  0
LWPOLYLINE
  5
1278
330
6F
100
AcDbEntity
  8
L2D2100
100
AcDbPolyline
 90
        4
 70
     1
 43
0.0
 10
11.0
 20
4.0
 10
11.001
 20
16.501
 10
11.501
 20
16.501
 10
11.5
 20
4.0
  0
LWPOLYLINE
  5
127E
330
6F
100
AcDbEntity
  8
L2D2100
100
AcDbPolyline
 90
      106
 70
     1
 43
0.0
 10
4.0
 20
16.001
 10
4.0
 20
16.501
 10
4.004
 20
16.626
 10
4.015
 20
16.751
 10
4.035
 20
16.875
 10
4.063
 20
16.998
 10
4.098
 20
17.119
 10
4.14
 20
17.237
 10
4.19
 20
17.352
 10
4.247
 20
17.464
 10
4.311
 20
17.572
 10
4.382
 20
17.676
 10
4.459
 20
17.775
 10
4.542
 20
17.87
 10
4.631
 20
17.958
 10
4.725
 20
18.042
 10
4.824
 20
18.119
 10
4.928
 20
18.189
 10
5.036
 20
18.253
 10
5.148
 20
18.31
 10
5.263
 20
18.36
 10
5.382000000000001
 20
18.403
 10
5.502000000000001
 20
18.438
 10
5.625
 20
18.465
 10
5.749
 20
18.485
 10
5.874
 20
18.497
 10
6.0
 20
18.501
 10
6.125
 20
18.497
 10
6.25
 20
18.485
 10
6.374
 20
18.465
 10
6.497000000000001
 20
18.438
 10
6.617999999999999
 20
18.403
 10
6.736000000000001
 20
18.36
 10
6.851
 20
18.31
 10
6.962999999999999
 20
18.253
 10
7.071000000000001
 20
18.189
 10
7.175
 20
18.119
 10
7.275
 20
18.042
 10
7.369
 20
17.958
 10
7.457999999999999
 20
17.87
 10
7.541
 20
17.775
 10
7.617999999999999
 20
17.676
 10
7.688
 20
17.572
 10
7.752000000000001
 20
17.464
 10
7.809
 20
17.352
 10
7.859
 20
17.237
 10
7.902
 20
17.119
 10
7.937
 20
16.998
 10
7.964
 20
16.875
 10
7.984
 20
16.751
 10
7.996
 20
16.626
 10
8.0
 20
16.501
 10
8.0
 20
16.001
 10
7.5
 20
16.001
 10
7.5
 20
16.501
 10
7.497000000000001
 20
16.595
 10
7.488
 20
16.689
 10
7.473
 20
16.782
 10
7.452999999999999
 20
16.874
 10
7.426
 20
16.964
 10
7.394
 20
17.053
 10
7.357
 20
17.139
 10
7.314
 20
17.223
 10
7.266
 20
17.304
 10
7.212999999999999
 20
17.382
 10
7.155
 20
17.457
 10
7.093
 20
17.527
 10
7.027
 20
17.594
 10
6.956
 20
17.656
 10
6.881
 20
17.714
 10
6.803
 20
17.767
 10
6.722
 20
17.815
 10
6.638
 20
17.858
 10
6.552
 20
17.895
 10
6.462999999999999
 20
17.927
 10
6.372999999999999
 20
17.953
 10
6.281000000000001
 20
17.974
 10
6.188
 20
17.989
 10
6.093999999999999
 20
17.998
 10
6.0
 20
18.001
 10
5.906000000000001
 20
17.998
 10
5.812
 20
17.989
 10
5.718999999999999
 20
17.974
 10
5.627000000000001
 20
17.953
 10
5.536
 20
17.927
 10
5.448
 20
17.895
 10
5.361000000000001
 20
17.858
 10
5.277
 20
17.815
 10
5.196000000000001
 20
17.767
 10
5.118
 20
17.714
 10
5.044
 20
17.656
 10
4.973
 20
17.594
 10
4.906000000000001
 20
17.527
 10
4.843999999999999
 20
17.457
 10
4.786
 20
17.382
 10
4.733000000000001
 20
17.304
 10
4.685
 20
17.223
 10
4.641999999999999
 20
17.139
 10
4.605
 20
17.053
 10
4.573
 20
16.964
 10
4.547
 20
16.874
 10
4.526
 20
16.782
 10
4.512
 20
16.689
 10
4.503
 20
16.595
 10
4.5
 20
16.501
 10
4.5
 20
16.001
  0
LWPOLYLINE
  5
12EA
330
6F
100
AcDbEntity
  8
L2D2100
100
AcDbPolyline
 90
      106
 70
     1
 43
0.0
 10
11.001
 20
16.001
 10
11.001
 20
16.501
 10
11.005
 20
16.626
 10
11.017
 20
16.751
 10
11.036
 20
16.875
 10
11.064
 20
16.998
 10
11.099
 20
17.119
 10
11.141
 20
17.237
 10
11.191
 20
17.352
 10
11.248
 20
17.464
 10
11.312
 20
17.572
 10
11.383
 20
17.676
 10
11.46
 20
17.775
 10
11.543
 20
17.87
 10
11.632
 20
17.958
 10
11.726
 20
18.042
 10
11.825
 20
18.119
 10
11.929
 20
18.189
 10
12.037
 20
18.253
 10
12.149
 20
18.31
 10
12.265
 20
18.36
 10
12.383
 20
18.403
 10
12.504
 20
18.438
 10
12.626
 20
18.465
 10
12.75
 20
18.485
 10
12.875
 20
18.497
 10
13.001
 20
18.501
 10
13.126
 20
18.497
 10
13.252
 20
18.485
 10
13.376
 20
18.465
 10
13.498
 20
18.438
 10
13.619
 20
18.403
 10
13.737
 20
18.36
 10
13.852
 20
18.31
 10
13.964
 20
18.253
 10
14.073
 20
18.189
 10
14.176
 20
18.119
 10
14.276
 20
18.042
 10
14.37
 20
17.958
 10
14.459
 20
17.87
 10
14.542
 20
17.775
 10
14.619
 20
17.676
 10
14.69
 20
17.572
 10
14.754
 20
17.464
 10
14.811
 20
17.352
 10
14.86
 20
17.237
 10
14.903
 20
17.119
 10
14.938
 20
16.998
 10
14.965
 20
16.875
 10
14.985
 20
16.751
 10
14.997
 20
16.626
 10
15.001
 20
16.501
 10
15.001
 20
16.001
 10
14.501
 20
16.001
 10
14.501
 20
16.501
 10
14.498
 20
16.595
 10
14.489
 20
16.689
 10
14.474
 20
16.782
 10
14.454
 20
16.874
 10
14.427
 20
16.964
 10
14.396
 20
17.053
 10
14.358
 20
17.139
 10
14.315
 20
17.223
 10
14.267
 20
17.304
 10
14.214
 20
17.382
 10
14.157
 20
17.457
 10
14.094
 20
17.527
 10
14.028
 20
17.594
 10
13.957
 20
17.656
 10
13.883
 20
17.714
 10
13.805
 20
17.767
 10
13.724
 20
17.815
 10
13.64
 20
17.858
 10
13.553
 20
17.895
 10
13.464
 20
17.927
 10
13.374
 20
17.953
 10
13.282
 20
17.974
 10
13.189
 20
17.989
 10
13.095
 20
17.998
 10
13.001
 20
18.001
 10
12.907
 20
17.998
 10
12.813
 20
17.989
 10
12.72
 20
17.974
 10
12.628
 20
17.953
 10
12.537
 20
17.927
 10
12.449
 20
17.895
 10
12.362
 20
17.858
 10
12.278
 20
17.815
 10
12.197
 20
17.767
 10
12.119
 20
17.714
 10
12.045
 20
17.656
 10
11.974
 20
17.594
 10
11.907
 20
17.527
 10
11.845
 20
17.457
 10
11.787
 20
17.382
 10
11.734
 20
17.304
 10
11.686
 20
17.223
 10
11.644
 20
17.139
 10
11.606
 20
17.053
 10
11.574
 20
16.964
 10
11.548
 20
16.874
 10
11.527
 20
16.782
 10
11.513
 20
16.689
 10
11.504
 20
16.595
 10
11.501
 20
16.501
 10
11.501
 20
16.001
  0
LWPOLYLINE
  5
1356
330
6F
100
AcDbEntity
  8
L2D2100
100
AcDbPolyline
 90
      106
 70
     1
 43
0.0
 10
18.0
 20
16.0
 10
18.0
 20
16.5
 10
18.004
 20
16.626
 10
18.015
 20
16.751
 10
18.035
 20
16.875
 10
18.063
 20
16.998
 10
18.098
 20
17.118
 10
18.14
 20
17.237
 10
18.19
 20
17.352
 10
18.247
 20
17.464
 10
18.311
 20
17.572
 10
18.382
 20
17.676
 10
18.459
 20
17.775
 10
18.542
 20
17.87
 10
18.631
 20
17.958
 10
18.725
 20
18.041
 10
18.824
 20
18.118
 10
18.928
 20
18.189
 10
19.036
 20
18.253
 10
19.148
 20
18.31
 10
19.263
 20
18.36
 10
19.382
 20
18.403
 10
19.502
 20
18.438
 10
19.625
 20
18.465
 10
19.749
 20
18.485
 10
19.874
 20
18.497
 10
20.0
 20
18.5
 10
20.125
 20
18.497
 10
20.25
 20
18.485
 10
20.374
 20
18.465
 10
20.497
 20
18.438
 10
20.618
 20
18.403
 10
20.736
 20
18.36
 10
20.851
 20
18.31
 10
20.963
 20
18.253
 10
21.071
 20
18.189
 10
21.175
 20
18.118
 10
21.275
 20
18.041
 10
21.369
 20
17.958
 10
21.458
 20
17.87
 10
21.541
 20
17.775
 10
21.618
 20
17.676
 10
21.688
 20
17.572
 10
21.752
 20
17.464
 10
21.809
 20
17.352
 10
21.859
 20
17.237
 10
21.902
 20
17.118
 10
21.937
 20
16.998
 10
21.964
 20
16.875
 10
21.984
 20
16.751
 10
21.996
 20
16.626
 10
22.0
 20
16.5
 10
22.0
 20
16.0
 10
21.5
 20
16.0
 10
21.5
 20
16.5
 10
21.497
 20
16.595
 10
21.488
 20
16.688
 10
21.473
 20
16.782
 10
21.453
 20
16.873
 10
21.426
 20
16.964
 10
21.394
 20
17.053
 10
21.357
 20
17.139
 10
21.314
 20
17.223
 10
21.266
 20
17.304
 10
21.213
 20
17.382
 10
21.155
 20
17.457
 10
21.093
 20
17.527
 10
21.027
 20
17.594
 10
20.956
 20
17.656
 10
20.881
 20
17.714
 10
20.803
 20
17.767
 10
20.722
 20
17.815
 10
20.638
 20
17.858
 10
20.552
 20
17.895
 10
20.463
 20
17.927
 10
20.373
 20
17.953
 10
20.281
 20
17.974
 10
20.188
 20
17.989
 10
20.094
 20
17.998
 10
20.0
 20
18.0
 10
19.906
 20
17.998
 10
19.812
 20
17.989
 10
19.719
 20
17.974
 10
19.627
 20
17.953
 10
19.536
 20
17.927
 10
19.448
 20
17.895
 10
19.361
 20
17.858
 10
19.277
 20
17.815
 10
19.196
 20
17.767
 10
19.118
 20
17.714
 10
19.044
 20
17.656
 10
18.973
 20
17.594
 10
18.906
 20
17.527
 10
18.844
 20
17.457
 10
18.786
 20
17.382
 10
18.733
 20
17.304
 10
18.685
 20
17.223
 10
18.642
 20
17.139
 10
18.605
 20
17.053
 10
18.573
 20
16.964
 10
18.547
 20
16.873
 10
18.526
 20
16.782
 10
18.512
 20
16.688
 10
18.503
 20
16.595
 10
18.5
 20
16.5
 10
18.5
 20
16.0
  0
LWPOLYLINE
  5
13C2
330
6F
100
AcDbEntity
  8
L2D2100
100
AcDbPolyline
 90
      106
 70
     1
 43
0.0
 10
9.5
 20
2.0
 10
9.374
 20
2.004
 10
9.249
 20
2.016
 10
9.125
 20
2.036
 10
9.002
 20
2.063
 10
8.882
 20
2.098
 10
8.763
 20
2.141
 10
8.648
 20
2.191
 10
8.536
 20
2.248
 10
8.427999999999999
 20
2.312
 10
8.324
 20
2.382
 10
8.225
 20
2.459
 10
8.131
 20
2.543
 10
8.042
 20
2.631
 10
7.959
 20
2.726
 10
7.882000000000001
 20
2.825
 10
7.811
 20
2.929
 10
7.747000000000001
 20
3.037
 10
7.69
 20
3.149
 10
7.64
 20
3.264
 10
7.598
 20
3.382
 10
7.563
 20
3.503
 10
7.535
 20
3.626
 10
7.515
 20
3.75
 10
7.504
 20
3.875
 10
7.5
 20
4.0
 10
7.5
 20
4.5
 10
8.0
 20
4.5
 10
8.0
 20
4.0
 10
8.003
 20
3.906
 10
8.012
 20
3.812
 10
8.026
 20
3.719
 10
8.047
 20
3.627
 10
8.073
 20
3.537
 10
8.105
 20
3.448
 10
8.142000000000001
 20
3.362
 10
8.185
 20
3.278
 10
8.232999999999999
 20
3.197
 10
8.286
 20
3.119
 10
8.344
 20
3.044
 10
8.406
 20
2.974
 10
8.472999999999999
 20
2.907
 10
8.544
 20
2.845
 10
8.618
 20
2.787
 10
8.696
 20
2.734
 10
8.777000000000001
 20
2.686
 10
8.861
 20
2.643
 10
8.948
 20
2.606
 10
9.036
 20
2.574
 10
9.127
 20
2.548
 10
9.219
 20
2.527
 10
9.312000000000001
 20
2.512
 10
9.406
 20
2.503
 10
9.5
 20
2.5
 10
9.594
 20
2.503
 10
9.687999999999999
 20
2.512
 10
9.781
 20
2.527
 10
9.873
 20
2.548
 10
9.963
 20
2.574
 10
10.052
 20
2.606
 10
10.138
 20
2.643
 10
10.222
 20
2.686
 10
10.303
 20
2.734
 10
10.381
 20
2.787
 10
10.456
 20
2.845
 10
10.527
 20
2.907
 10
10.593
 20
2.974
 10
10.655
 20
3.044
 10
10.713
 20
3.119
 10
10.766
 20
3.197
 10
10.814
 20
3.278
 10
10.857
 20
3.362
 10
10.894
 20
3.448
 10
10.926
 20
3.537
 10
10.953
 20
3.627
 10
10.973
 20
3.719
 10
10.988
 20
3.812
 10
10.997
 20
3.906
 10
11.0
 20
4.0
 10
11.0
 20
4.5
 10
11.5
 20
4.5
 10
11.5
 20
4.0
 10
11.496
 20
3.875
 10
11.484
 20
3.75
 10
11.464
 20
3.626
 10
11.437
 20
3.503
 10
11.402
 20
3.382
 10
11.359
 20
3.264
 10
11.309
 20
3.149
 10
11.252
 20
3.037
 10
11.188
 20
2.929
 10
11.118
 20
2.825
 10
11.041
 20
2.726
 10
10.958
 20
2.631
 10
10.869
 20
2.543
 10
10.775
 20
2.459
 10
10.675
 20
2.382
 10
10.571
 20
2.312
 10
10.463
 20
2.248
 10
10.351
 20
2.191
 10
10.236
 20
2.141
 10
10.118
 20
2.098
 10
9.997
 20
2.063
 10
9.874
 20
2.036
 10
9.75
 20
2.016
 10
9.625
 20
2.004
  0
LWPOLYLINE
  5
142E
330
6F
100
AcDbEntity
  8
L2D2100
100
AcDbPolyline
 90
        4
 70
     1
 43
0.0
 10
11.001
 20
-16.5
 10
11.0
 20
-4.0
 10
11.5
 20
-4.0
 10
11.501
 20
-16.5
  0
LWPOLYLINE
  5
1434
330
6F
100
AcDbEntity
  8
L2D2100
100
AcDbPolyline
 90
      106
 70
     1
 43
0.0
 10
6.0
 20
-18.5
 10
5.874
 20
-18.496
 10
5.749
 20
-18.484
 10
5.625
 20
-18.464
 10
5.502000000000001
 20
-18.437
 10
5.382000000000001
 20
-18.402
 10
5.263
 20
-18.359
 10
5.148
 20
-18.309
 10
5.036
 20
-18.252
 10
4.928
 20
-18.188
 10
4.824
 20
-18.118
 10
4.725
 20
-18.041
 10
4.631
 20
-17.958
 10
4.542
 20
-17.869
 10
4.459
 20
-17.774
 10
4.382
 20
-17.675
 10
4.311
 20
-17.571
 10
4.247
 20
-17.463
 10
4.19
 20
-17.351
 10
4.14
 20
-17.236
 10
4.098
 20
-17.118
 10
4.063
 20
-16.997
 10
4.035
 20
-16.874
 10
4.015
 20
-16.75
 10
4.004
 20
-16.625
 10
4.0
 20
-16.5
 10
4.0
 20
-16.0
 10
4.5
 20
-16.0
 10
4.5
 20
-16.5
 10
4.503
 20
-16.594
 10
4.512
 20
-16.688
 10
4.526
 20
-16.781
 10
4.547
 20
-16.873
 10
4.573
 20
-16.963
 10
4.605
 20
-17.052
 10
4.641999999999999
 20
-17.138
 10
4.685
 20
-17.222
 10
4.733000000000001
 20
-17.303
 10
4.786
 20
-17.381
 10
4.843999999999999
 20
-17.456
 10
4.906000000000001
 20
-17.526
 10
4.973
 20
-17.593
 10
5.044
 20
-17.655
 10
5.118
 20
-17.713
 10
5.196000000000001
 20
-17.766
 10
5.277
 20
-17.814
 10
5.361000000000001
 20
-17.857
 10
5.448
 20
-17.894
 10
5.536
 20
-17.926
 10
5.627000000000001
 20
-17.952
 10
5.718999999999999
 20
-17.973
 10
5.812
 20
-17.988
 10
5.906000000000001
 20
-17.997
 10
6.0
 20
-18.0
 10
6.093999999999999
 20
-17.997
 10
6.188
 20
-17.988
 10
6.281000000000001
 20
-17.973
 10
6.372999999999999
 20
-17.952
 10
6.462999999999999
 20
-17.926
 10
6.552
 20
-17.894
 10
6.638
 20
-17.857
 10
6.722
 20
-17.814
 10
6.803
 20
-17.766
 10
6.881
 20
-17.713
 10
6.956
 20
-17.655
 10
7.027
 20
-17.593
 10
7.093
 20
-17.526
 10
7.155
 20
-17.456
 10
7.212999999999999
 20
-17.381
 10
7.266
 20
-17.303
 10
7.314
 20
-17.222
 10
7.357
 20
-17.138
 10
7.394
 20
-17.052
 10
7.426
 20
-16.963
 10
7.452999999999999
 20
-16.873
 10
7.473
 20
-16.781
 10
7.488
 20
-16.688
 10
7.497000000000001
 20
-16.594
 10
7.5
 20
-16.5
 10
7.5
 20
-16.0
 10
8.0
 20
-16.0
 10
8.0
 20
-16.5
 10
7.996
 20
-16.625
 10
7.984
 20
-16.75
 10
7.964
 20
-16.874
 10
7.937
 20
-16.997
 10
7.902
 20
-17.118
 10
7.859
 20
-17.236
 10
7.809
 20
-17.351
 10
7.752000000000001
 20
-17.463
 10
7.688
 20
-17.571
 10
7.617999999999999
 20
-17.675
 10
7.541
 20
-17.774
 10
7.457999999999999
 20
-17.869
 10
7.369
 20
-17.958
 10
7.275
 20
-18.041
 10
7.175
 20
-18.118
 10
7.071000000000001
 20
-18.188
 10
6.962999999999999
 20
-18.252
 10
6.851
 20
-18.309
 10
6.736000000000001
 20
-18.359
 10
6.617999999999999
 20
-18.402
 10
6.497000000000001
 20
-18.437
 10
6.374
 20
-18.464
 10
6.25
 20
-18.484
 10
6.125
 20
-18.496
  0
LWPOLYLINE
  5
14A0
330
6F
100
AcDbEntity
  8
L2D2100
100
AcDbPolyline
 90
      106
 70
     1
 43
0.0
 10
27.0
 20
-18.5
 10
26.874
 20
-18.496
 10
26.749
 20
-18.484
 10
26.625
 20
-18.464
 10
26.502
 20
-18.437
 10
26.382
 20
-18.402
 10
26.263
 20
-18.359
 10
26.148
 20
-18.309
 10
26.036
 20
-18.252
 10
25.928
 20
-18.188
 10
25.824
 20
-18.118
 10
25.725
 20
-18.041
 10
25.631
 20
-17.958
 10
25.542
 20
-17.869
 10
25.459
 20
-17.774
 10
25.382
 20
-17.675
 10
25.311
 20
-17.571
 10
25.247
 20
-17.463
 10
25.19
 20
-17.351
 10
25.14
 20
-17.236
 10
25.098
 20
-17.118
 10
25.063
 20
-16.997
 10
25.035
 20
-16.874
 10
25.015
 20
-16.75
 10
25.004
 20
-16.625
 10
25.0
 20
-16.5
 10
25.0
 20
-16.0
 10
25.5
 20
-16.0
 10
25.5
 20
-16.5
 10
25.503
 20
-16.594
 10
25.512
 20
-16.688
 10
25.526
 20
-16.781
 10
25.547
 20
-16.873
 10
25.573
 20
-16.963
 10
25.605
 20
-17.052
 10
25.642
 20
-17.138
 10
25.685
 20
-17.222
 10
25.733
 20
-17.303
 10
25.786
 20
-17.381
 10
25.844
 20
-17.456
 10
25.906
 20
-17.526
 10
25.973
 20
-17.593
 10
26.044
 20
-17.655
 10
26.118
 20
-17.713
 10
26.196
 20
-17.766
 10
26.277
 20
-17.814
 10
26.361
 20
-17.857
 10
26.448
 20
-17.894
 10
26.536
 20
-17.926
 10
26.627
 20
-17.952
 10
26.719
 20
-17.973
 10
26.812
 20
-17.988
 10
26.906
 20
-17.997
 10
27.0
 20
-18.0
 10
27.094
 20
-17.997
 10
27.188
 20
-17.988
 10
27.281
 20
-17.973
 10
27.373
 20
-17.952
 10
27.463
 20
-17.926
 10
27.552
 20
-17.894
 10
27.638
 20
-17.857
 10
27.722
 20
-17.814
 10
27.803
 20
-17.766
 10
27.881
 20
-17.713
 10
27.956
 20
-17.655
 10
28.027
 20
-17.593
 10
28.093
 20
-17.526
 10
28.155
 20
-17.456
 10
28.213
 20
-17.381
 10
28.266
 20
-17.303
 10
28.314
 20
-17.222
 10
28.357
 20
-17.138
 10
28.394
 20
-17.052
 10
28.426
 20
-16.963
 10
28.453
 20
-16.873
 10
28.473
 20
-16.781
 10
28.488
 20
-16.688
 10
28.497
 20
-16.594
 10
28.5
 20
-16.5
 10
28.5
 20
-16.0
 10
29.0
 20
-16.0
 10
29.0
 20
-16.5
 10
28.996
 20
-16.625
 10
28.984
 20
-16.75
 10
28.964
 20
-16.874
 10
28.937
 20
-16.997
 10
28.902
 20
-17.118
 10
28.859
 20
-17.236
 10
28.809
 20
-17.351
 10
28.752
 20
-17.463
 10
28.688
 20
-17.571
 10
28.618
 20
-17.675
 10
28.541
 20
-17.774
 10
28.458
 20
-17.869
 10
28.369
 20
-17.958
 10
28.275
 20
-18.041
 10
28.175
 20
-18.118
 10
28.071
 20
-18.188
 10
27.963
 20
-18.252
 10
27.851
 20
-18.309
 10
27.736
 20
-18.359
 10
27.618
 20
-18.402
 10
27.497
 20
-18.437
 10
27.374
 20
-18.464
 10
27.25
 20
-18.484
 10
27.125
 20
-18.496
  0
LWPOLYLINE
  5
150C
330
6F
100
AcDbEntity
  8
L2D2100
100
AcDbPolyline
 90
      106
 70
     1
 43
0.0
 10
21.5
 20
-4.5
 10
21.5
 20
-4.0
 10
21.504
 20
-3.874
 10
21.515
 20
-3.749
 10
21.535
 20
-3.625
 10
21.563
 20
-3.502
 10
21.598
 20
-3.382
 10
21.64
 20
-3.263
 10
21.69
 20
-3.148
 10
21.747
 20
-3.036
 10
21.811
 20
-2.928
 10
21.882
 20
-2.824
 10
21.959
 20
-2.725
 10
22.042
 20
-2.63
 10
22.131
 20
-2.542
 10
22.225
 20
-2.459
 10
22.324
 20
-2.382
 10
22.428
 20
-2.311
 10
22.536
 20
-2.247
 10
22.648
 20
-2.19
 10
22.763
 20
-2.14
 10
22.882
 20
-2.097
 10
23.002
 20
-2.062
 10
23.125
 20
-2.035
 10
23.249
 20
-2.015
 10
23.374
 20
-2.004
 10
23.5
 20
-2.0
 10
23.625
 20
-2.004
 10
23.75
 20
-2.015
 10
23.874
 20
-2.035
 10
23.997
 20
-2.062
 10
24.118
 20
-2.097
 10
24.236
 20
-2.14
 10
24.351
 20
-2.19
 10
24.463
 20
-2.247
 10
24.571
 20
-2.311
 10
24.675
 20
-2.382
 10
24.775
 20
-2.459
 10
24.869
 20
-2.542
 10
24.958
 20
-2.63
 10
25.041
 20
-2.725
 10
25.118
 20
-2.824
 10
25.188
 20
-2.928
 10
25.252
 20
-3.036
 10
25.309
 20
-3.148
 10
25.359
 20
-3.263
 10
25.402
 20
-3.382
 10
25.437
 20
-3.502
 10
25.464
 20
-3.625
 10
25.484
 20
-3.749
 10
25.496
 20
-3.874
 10
25.5
 20
-4.0
 10
25.5
 20
-4.5
 10
25.0
 20
-4.5
 10
25.0
 20
-4.0
 10
24.997
 20
-3.905
 10
24.988
 20
-3.812
 10
24.973
 20
-3.718
 10
24.953
 20
-3.627
 10
24.926
 20
-3.536
 10
24.894
 20
-3.447
 10
24.857
 20
-3.361
 10
24.814
 20
-3.277
 10
24.766
 20
-3.196
 10
24.713
 20
-3.118
 10
24.655
 20
-3.043
 10
24.593
 20
-2.973
 10
24.527
 20
-2.906
 10
24.456
 20
-2.844
 10
24.381
 20
-2.786
 10
24.303
 20
-2.733
 10
24.222
 20
-2.685
 10
24.138
 20
-2.642
 10
24.052
 20
-2.605
 10
23.963
 20
-2.573
 10
23.873
 20
-2.547
 10
23.781
 20
-2.526
 10
23.688
 20
-2.511
 10
23.594
 20
-2.503
 10
23.5
 20
-2.5
 10
23.406
 20
-2.503
 10
23.312
 20
-2.511
 10
23.219
 20
-2.526
 10
23.127
 20
-2.547
 10
23.036
 20
-2.573
 10
22.948
 20
-2.605
 10
22.861
 20
-2.642
 10
22.777
 20
-2.685
 10
22.696
 20
-2.733
 10
22.618
 20
-2.786
 10
22.544
 20
-2.844
 10
22.473
 20
-2.906
 10
22.406
 20
-2.973
 10
22.344
 20
-3.043
 10
22.286
 20
-3.118
 10
22.233
 20
-3.196
 10
22.185
 20
-3.277
 10
22.142
 20
-3.361
 10
22.105
 20
-3.447
 10
22.073
 20
-3.536
 10
22.047
 20
-3.627
 10
22.026
 20
-3.718
 10
22.012
 20
-3.812
 10
22.003
 20
-3.905
 10
22.0
 20
-4.0
 10
22.0
 20
-4.5
  0
LWPOLYLINE
  5
1578
330
6F
100
AcDbEntity
  8
L2D2100
100
AcDbPolyline
 90
      106
 70
     1
 43
0.0
 10
13.001
 20
-18.5
 10
12.875
 20
-18.496
 10
12.75
 20
-18.484
 10
12.626
 20
-18.464
 10
12.504
 20
-18.437
 10
12.383
 20
-18.402
 10
12.265
 20
-18.359
 10
12.149
 20
-18.309
 10
12.037
 20
-18.252
 10
11.929
 20
-18.188
 10
11.825
 20
-18.118
 10
11.726
 20
-18.041
 10
11.632
 20
-17.958
 10
11.543
 20
-17.869
 10
11.46
 20
-17.774
 10
11.383
 20
-17.675
 10
11.312
 20
-17.571
 10
11.248
 20
-17.463
 10
11.191
 20
-17.351
 10
11.141
 20
-17.236
 10
11.099
 20
-17.118
 10
11.064
 20
-16.997
 10
11.036
 20
-16.874
 10
11.017
 20
-16.75
 10
11.005
 20
-16.625
 10
11.001
 20
-16.5
 10
11.001
 20
-16.0
 10
11.501
 20
-16.0
 10
11.501
 20
-16.5
 10
11.504
 20
-16.594
 10
11.513
 20
-16.688
 10
11.527
 20
-16.781
 10
11.548
 20
-16.873
 10
11.574
 20
-16.963
 10
11.606
 20
-17.052
 10
11.644
 20
-17.138
 10
11.686
 20
-17.222
 10
11.734
 20
-17.303
 10
11.787
 20
-17.381
 10
11.845
 20
-17.456
 10
11.907
 20
-17.526
 10
11.974
 20
-17.593
 10
12.045
 20
-17.655
 10
12.119
 20
-17.713
 10
12.197
 20
-17.766
 10
12.278
 20
-17.814
 10
12.362
 20
-17.857
 10
12.449
 20
-17.894
 10
12.537
 20
-17.926
 10
12.628
 20
-17.952
 10
12.72
 20
-17.973
 10
12.813
 20
-17.988
 10
12.907
 20
-17.997
 10
13.001
 20
-18.0
 10
13.095
 20
-17.997
 10
13.189
 20
-17.988
 10
13.282
 20
-17.973
 10
13.374
 20
-17.952
 10
13.464
 20
-17.926
 10
13.553
 20
-17.894
 10
13.64
 20
-17.857
 10
13.724
 20
-17.814
 10
13.805
 20
-17.766
 10
13.883
 20
-17.713
 10
13.957
 20
-17.655
 10
14.028
 20
-17.593
 10
14.094
 20
-17.526
 10
14.157
 20
-17.456
 10
14.214
 20
-17.381
 10
14.267
 20
-17.303
 10
14.315
 20
-17.222
 10
14.358
 20
-17.138
 10
14.396
 20
-17.052
 10
14.427
 20
-16.963
 10
14.454
 20
-16.873
 10
14.474
 20
-16.781
 10
14.489
 20
-16.688
 10
14.498
 20
-16.594
 10
14.501
 20
-16.5
 10
14.501
 20
-16.0
 10
15.001
 20
-16.0
 10
15.001
 20
-16.5
 10
14.997
 20
-16.625
 10
14.985
 20
-16.75
 10
14.965
 20
-16.874
 10
14.938
 20
-16.997
 10
14.903
 20
-17.118
 10
14.86
 20
-17.236
 10
14.811
 20
-17.351
 10
14.754
 20
-17.463
 10
14.69
 20
-17.571
 10
14.619
 20
-17.675
 10
14.542
 20
-17.774
 10
14.459
 20
-17.869
 10
14.37
 20
-17.958
 10
14.276
 20
-18.041
 10
14.176
 20
-18.118
 10
14.073
 20
-18.188
 10
13.964
 20
-18.252
 10
13.852
 20
-18.309
 10
13.737
 20
-18.359
 10
13.619
 20
-18.402
 10
13.498
 20
-18.437
 10
13.376
 20
-18.464
 10
13.252
 20
-18.484
 10
13.126
 20
-18.496
  0
LWPOLYLINE
  5
15E4
330
6F
100
AcDbEntity
  8
L2D2100
100
AcDbPolyline
 90
      106
 70
     1
 43
0.0
 10
20.0
 20
-18.5
 10
19.874
 20
-18.496
 10
19.749
 20
-18.484
 10
19.625
 20
-18.464
 10
19.502
 20
-18.437
 10
19.382
 20
-18.402
 10
19.263
 20
-18.359
 10
19.148
 20
-18.309
 10
19.036
 20
-18.252
 10
18.928
 20
-18.188
 10
18.824
 20
-18.118
 10
18.725
 20
-18.041
 10
18.631
 20
-17.957
 10
18.542
 20
-17.869
 10
18.459
 20
-17.774
 10
18.382
 20
-17.675
 10
18.311
 20
-17.571
 10
18.247
 20
-17.463
 10
18.19
 20
-17.351
 10
18.14
 20
-17.236
 10
18.098
 20
-17.118
 10
18.063
 20
-16.997
 10
18.035
 20
-16.874
 10
18.015
 20
-16.75
 10
18.004
 20
-16.625
 10
18.0
 20
-16.5
 10
18.0
 20
-16.0
 10
18.5
 20
-16.0
 10
18.5
 20
-16.5
 10
18.503
 20
-16.594
 10
18.512
 20
-16.688
 10
18.526
 20
-16.781
 10
18.547
 20
-16.873
 10
18.573
 20
-16.963
 10
18.605
 20
-17.052
 10
18.642
 20
-17.138
 10
18.685
 20
-17.222
 10
18.733
 20
-17.303
 10
18.786
 20
-17.381
 10
18.844
 20
-17.456
 10
18.906
 20
-17.526
 10
18.973
 20
-17.593
 10
19.044
 20
-17.655
 10
19.118
 20
-17.713
 10
19.196
 20
-17.766
 10
19.277
 20
-17.814
 10
19.361
 20
-17.857
 10
19.448
 20
-17.894
 10
19.536
 20
-17.926
 10
19.627
 20
-17.952
 10
19.719
 20
-17.973
 10
19.812
 20
-17.988
 10
19.906
 20
-17.997
 10
20.0
 20
-18.0
 10
20.094
 20
-17.997
 10
20.188
 20
-17.988
 10
20.281
 20
-17.973
 10
20.373
 20
-17.952
 10
20.463
 20
-17.926
 10
20.552
 20
-17.894
 10
20.638
 20
-17.857
 10
20.722
 20
-17.814
 10
20.803
 20
-17.766
 10
20.881
 20
-17.713
 10
20.956
 20
-17.655
 10
21.027
 20
-17.593
 10
21.093
 20
-17.526
 10
21.155
 20
-17.456
 10
21.213
 20
-17.381
 10
21.266
 20
-17.303
 10
21.314
 20
-17.222
 10
21.357
 20
-17.138
 10
21.394
 20
-17.052
 10
21.426
 20
-16.963
 10
21.453
 20
-16.873
 10
21.473
 20
-16.781
 10
21.488
 20
-16.688
 10
21.497
 20
-16.594
 10
21.5
 20
-16.5
 10
21.5
 20
-16.0
 10
22.0
 20
-16.0
 10
22.0
 20
-16.5
 10
21.996
 20
-16.625
 10
21.984
 20
-16.75
 10
21.964
 20
-16.874
 10
21.937
 20
-16.997
 10
21.902
 20
-17.118
 10
21.859
 20
-17.236
 10
21.809
 20
-17.351
 10
21.752
 20
-17.463
 10
21.688
 20
-17.571
 10
21.618
 20
-17.675
 10
21.541
 20
-17.774
 10
21.458
 20
-17.869
 10
21.369
 20
-17.957
 10
21.275
 20
-18.041
 10
21.175
 20
-18.118
 10
21.071
 20
-18.188
 10
20.963
 20
-18.252
 10
20.851
 20
-18.309
 10
20.736
 20
-18.359
 10
20.618
 20
-18.402
 10
20.497
 20
-18.437
 10
20.374
 20
-18.464
 10
20.25
 20
-18.484
 10
20.125
 20
-18.496
  0
LWPOLYLINE
  5
1650
330
6F
100
AcDbEntity
  8
L2D2100
100
AcDbPolyline
 90
      106
 70
     1
 43
0.0
 10
7.5
 20
-4.5
 10
7.5
 20
-4.0
 10
7.504
 20
-3.874
 10
7.515
 20
-3.749
 10
7.535
 20
-3.625
 10
7.563
 20
-3.502
 10
7.598
 20
-3.381
 10
7.64
 20
-3.263
 10
7.69
 20
-3.148
 10
7.747000000000001
 20
-3.036
 10
7.811
 20
-2.928
 10
7.882000000000001
 20
-2.824
 10
7.959
 20
-2.725
 10
8.042
 20
-2.63
 10
8.131
 20
-2.542
 10
8.225
 20
-2.458
 10
8.324
 20
-2.381
 10
8.427999999999999
 20
-2.311
 10
8.536
 20
-2.247
 10
8.648
 20
-2.19
 10
8.763
 20
-2.14
 10
8.882
 20
-2.097
 10
9.002
 20
-2.062
 10
9.125
 20
-2.035
 10
9.249
 20
-2.015
 10
9.374
 20
-2.003
 10
9.5
 20
-2.0
 10
9.625
 20
-2.003
 10
9.75
 20
-2.015
 10
9.874
 20
-2.035
 10
9.997
 20
-2.062
 10
10.118
 20
-2.097
 10
10.236
 20
-2.14
 10
10.351
 20
-2.19
 10
10.463
 20
-2.247
 10
10.571
 20
-2.311
 10
10.675
 20
-2.381
 10
10.775
 20
-2.458
 10
10.869
 20
-2.542
 10
10.958
 20
-2.63
 10
11.041
 20
-2.725
 10
11.118
 20
-2.824
 10
11.188
 20
-2.928
 10
11.252
 20
-3.036
 10
11.309
 20
-3.148
 10
11.359
 20
-3.263
 10
11.402
 20
-3.381
 10
11.437
 20
-3.502
 10
11.464
 20
-3.625
 10
11.484
 20
-3.749
 10
11.496
 20
-3.874
 10
11.5
 20
-4.0
 10
11.5
 20
-4.5
 10
11.0
 20
-4.5
 10
11.0
 20
-4.0
 10
10.997
 20
-3.905
 10
10.988
 20
-3.812
 10
10.973
 20
-3.718
 10
10.953
 20
-3.626
 10
10.926
 20
-3.536
 10
10.894
 20
-3.447
 10
10.857
 20
-3.361
 10
10.814
 20
-3.277
 10
10.766
 20
-3.196
 10
10.713
 20
-3.118
 10
10.655
 20
-3.043
 10
10.593
 20
-2.973
 10
10.527
 20
-2.906
 10
10.456
 20
-2.844
 10
10.381
 20
-2.786
 10
10.303
 20
-2.733
 10
10.222
 20
-2.685
 10
10.138
 20
-2.642
 10
10.052
 20
-2.605
 10
9.963
 20
-2.573
 10
9.873
 20
-2.547
 10
9.781
 20
-2.526
 10
9.687999999999999
 20
-2.511
 10
9.594
 20
-2.502
 10
9.5
 20
-2.5
 10
9.406
 20
-2.502
 10
9.312000000000001
 20
-2.511
 10
9.219
 20
-2.526
 10
9.127
 20
-2.547
 10
9.036
 20
-2.573
 10
8.948
 20
-2.605
 10
8.861
 20
-2.642
 10
8.777000000000001
 20
-2.685
 10
8.696
 20
-2.733
 10
8.618
 20
-2.786
 10
8.544
 20
-2.844
 10
8.472999999999999
 20
-2.906
 10
8.406
 20
-2.973
 10
8.344
 20
-3.043
 10
8.286
 20
-3.118
 10
8.232999999999999
 20
-3.196
 10
8.185
 20
-3.277
 10
8.142000000000001
 20
-3.361
 10
8.105
 20
-3.447
 10
8.073
 20
-3.536
 10
8.047
 20
-3.626
 10
8.026
 20
-3.718
 10
8.012
 20
-3.812
 10
8.003
 20
-3.905
 10
8.0
 20
-4.0
 10
8.0
 20
-4.5
  0
LWPOLYLINE
  5
16BC
330
6F
100
AcDbEntity
  8
L2D2100
100
AcDbPolyline
 90
      106
 70
     1
 43
0.0
 10
14.5
 20
-4.5
 10
14.5
 20
-4.0
 10
14.504
 20
-3.874
 10
14.515
 20
-3.749
 10
14.535
 20
-3.625
 10
14.563
 20
-3.502
 10
14.598
 20
-3.381
 10
14.64
 20
-3.263
 10
14.69
 20
-3.148
 10
14.747
 20
-3.036
 10
14.811
 20
-2.928
 10
14.882
 20
-2.824
 10
14.959
 20
-2.725
 10
15.042
 20
-2.63
 10
15.131
 20
-2.542
 10
15.225
 20
-2.458
 10
15.324
 20
-2.381
 10
15.428
 20
-2.311
 10
15.536
 20
-2.247
 10
15.648
 20
-2.19
 10
15.763
 20
-2.14
 10
15.882
 20
-2.097
 10
16.002
 20
-2.062
 10
16.125
 20
-2.035
 10
16.249
 20
-2.015
 10
16.374
 20
-2.003
 10
16.5
 20
-2.0
 10
16.625
 20
-2.003
 10
16.75
 20
-2.015
 10
16.874
 20
-2.035
 10
16.997
 20
-2.062
 10
17.118
 20
-2.097
 10
17.236
 20
-2.14
 10
17.351
 20
-2.19
 10
17.463
 20
-2.247
 10
17.571
 20
-2.311
 10
17.675
 20
-2.381
 10
17.775
 20
-2.458
 10
17.869
 20
-2.542
 10
17.958
 20
-2.63
 10
18.041
 20
-2.725
 10
18.118
 20
-2.824
 10
18.188
 20
-2.928
 10
18.252
 20
-3.036
 10
18.309
 20
-3.148
 10
18.359
 20
-3.263
 10
18.402
 20
-3.381
 10
18.437
 20
-3.502
 10
18.464
 20
-3.625
 10
18.484
 20
-3.749
 10
18.496
 20
-3.874
 10
18.5
 20
-4.0
 10
18.5
 20
-4.5
 10
18.0
 20
-4.5
 10
18.0
 20
-4.0
 10
17.997
 20
-3.905
 10
17.988
 20
-3.812
 10
17.973
 20
-3.718
 10
17.953
 20
-3.626
 10
17.926
 20
-3.536
 10
17.894
 20
-3.447
 10
17.857
 20
-3.361
 10
17.814
 20
-3.277
 10
17.766
 20
-3.196
 10
17.713
 20
-3.118
 10
17.655
 20
-3.043
 10
17.593
 20
-2.973
 10
17.527
 20
-2.906
 10
17.456
 20
-2.844
 10
17.381
 20
-2.786
 10
17.303
 20
-2.733
 10
17.222
 20
-2.685
 10
17.138
 20
-2.642
 10
17.052
 20
-2.605
 10
16.963
 20
-2.573
 10
16.873
 20
-2.547
 10
16.781
 20
-2.526
 10
16.688
 20
-2.511
 10
16.594
 20
-2.502
 10
16.5
 20
-2.5
 10
16.406
 20
-2.502
 10
16.312
 20
-2.511
 10
16.219
 20
-2.526
 10
16.127
 20
-2.547
 10
16.036
 20
-2.573
 10
15.948
 20
-2.605
 10
15.861
 20
-2.642
 10
15.777
 20
-2.685
 10
15.696
 20
-2.733
 10
15.618
 20
-2.786
 10
15.544
 20
-2.844
 10
15.473
 20
-2.906
 10
15.406
 20
-2.973
 10
15.344
 20
-3.043
 10
15.286
 20
-3.118
 10
15.233
 20
-3.196
 10
15.185
 20
-3.277
 10
15.142
 20
-3.361
 10
15.105
 20
-3.447
 10
15.073
 20
-3.536
 10
15.047
 20
-3.626
 10
15.026
 20
-3.718
 10
15.012
 20
-3.812
 10
15.003
 20
-3.905
 10
15.0
 20
-4.0
 10
15.0
 20
-4.5
  0
LWPOLYLINE
  5
1728
330
6F
100
AcDbEntity
  8
L2D2100
100
AcDbPolyline
 90
       57
 70
     1
 43
0.0
 10
4.0
 20
-9.0
 10
4.0
 20
-8.5
 10
3.999
 20
-8.469
 10
3.996
 20
-8.439
 10
3.992
 20
-8.408999999999999
 10
3.985
 20
-8.38
 10
3.977
 20
-8.351
 10
3.967
 20
-8.322000000000001
 10
3.956
 20
-8.294
 10
3.942
 20
-8.267000000000001
 10
3.928
 20
-8.241
 10
3.911
 20
-8.216000000000001
 10
3.893
 20
-8.191
 10
3.874
 20
-8.168
 10
3.853
 20
-8.146
 10
3.831
 20
-8.125
 10
3.808
 20
-8.106
 10
3.784
 20
-8.088
 10
3.758
 20
-8.072000000000001
 10
3.732
 20
-8.057
 10
3.705
 20
-8.044
 10
3.677
 20
-8.032
 10
3.648
 20
-8.022
 10
3.619
 20
-8.014
 10
3.59
 20
-8.008
 10
3.56
 20
-8.003
 10
3.53
 20
-8.0
 10
3.0
 20
-8.0
 10
3.0
 20
-7.5
 10
3.5
 20
-7.5
 10
3.56
 20
-7.501
 10
3.62
 20
-7.507000000000001
 10
3.68
 20
-7.516
 10
3.739
 20
-7.529
 10
3.797
 20
-7.545
 10
3.854
 20
-7.565
 10
3.91
 20
-7.587999999999999
 10
3.964
 20
-7.614
 10
4.016999999999999
 20
-7.644
 10
4.068000000000001
 20
-7.677
 10
4.116000000000001
 20
-7.712000000000001
 10
4.163
 20
-7.751
 10
4.207
 20
-7.792000000000001
 10
4.248
 20
-7.836
 10
4.287
 20
-7.882999999999999
 10
4.323
 20
-7.931
 10
4.355
 20
-7.982
 10
4.385
 20
-8.035
 10
4.412
 20
-8.089
 10
4.435
 20
-8.145
 10
4.454
 20
-8.202
 10
4.471
 20
-8.26
 10
4.483000000000001
 20
-8.318999999999999
 10
4.492
 20
-8.379
 10
4.498
 20
-8.439
 10
4.5
 20
-8.5
 10
4.5
 20
-9.0
  0
LWPOLYLINE
  5
1763
330
6F
100
AcDbEntity
  8
L2D2100
100
AcDbPolyline
 90
        4
 70
     1
 43
0.0
 10
-67.0
 20
-0.5
 10
-67.0
 20
0.5
 10
-0.25
 20
0.5
 10
-0.25
 20
-0.5
  0
LWPOLYLINE
  5
1769
330
6F
100
AcDbEntity
  8
L2D2100
100
AcDbPolyline
 90
        4
 70
     1
 43
0.0
 10
-0.5
 20
5.4
 10
-0.5
 20
22.767
 10
0.5
 20
22.767
 10
0.5
 20
5.4
  0
LWPOLYLINE
  5
176F
330
6F
100
AcDbEntity
  8
L2D2100
100
AcDbPolyline
 90
        4
 70
     1
 43
0.0
 10
-0.5
 20
37.767
 10
-0.5
 20
64.5
 10
0.5
 20
64.5
 10
0.5
 20
37.767
  0
LWPOLYLINE
  5
1775
330
6F
100
AcDbEntity
  8
L2D2100
100
AcDbPolyline
 90
        4
 70
     1
 43
0.0
 10
-4.5
 20
38.767
 10
-4.5
 20
46.767
 10
-4.0
 20
46.767
 10
-4.0
 20
38.767
  0
LWPOLYLINE
  5
177B
330
6F
100
AcDbEntity
  8
L2D2100
100
AcDbPolyline
 90
        4
 70
     1
 43
0.0
 10
-3.5
 20
37.767
 10
-3.5
 20
38.267
 10
0.5
 20
38.267
 10
0.5
 20
37.767
  0
LWPOLYLINE
  5
1781
330
6F
100
AcDbEntity
  8
L2D2100
100
AcDbPolyline
 90
        4
 70
     1
 43
0.0
 10
-8.0
 20
34.267
 10
-8.0
 20
46.767
 10
-7.5
 20
46.767
 10
-7.5
 20
34.267
  0
LWPOLYLINE
  5
1787
330
6F
100
AcDbEntity
  8
L2D2100
100
AcDbPolyline
 90
        4
 70
     1
 43
0.0
 10
-15.0
 20
29.9
 10
-15.0
 20
46.767
 10
-14.5
 20
46.767
 10
-14.5
 20
29.9
  0
LWPOLYLINE
  5
178D
330
6F
100
AcDbEntity
  8
L2D2100
100
AcDbPolyline
 90
        4
 70
     1
 43
0.0
 10
-4.5
 20
13.767
 10
-4.5
 20
21.767
 10
-4.0
 20
21.767
 10
-4.0
 20
13.767
  0
LWPOLYLINE
  5
1793
330
6F
100
AcDbEntity
  8
L2D2100
100
AcDbPolyline
 90
        4
 70
     1
 43
0.0
 10
-3.5
 20
22.267
 10
-3.5
 20
22.767
 10
0.5
 20
22.767
 10
0.5
 20
22.267
  0
LWPOLYLINE
  5
1799
330
6F
100
AcDbEntity
  8
L2D2100
100
AcDbPolyline
 90
        4
 70
     1
 43
0.0
 10
-8.0
 20
13.767
 10
-8.0
 20
26.267
 10
-7.5
 20
26.267
 10
-7.5
 20
13.767
  0
LWPOLYLINE
  5
179F
330
6F
100
AcDbEntity
  8
L2D2100
100
AcDbPolyline
 90
        4
 70
     1
 43
0.0
 10
-15.0
 20
13.767
 10
-15.0
 20
30.1
 10
-14.5
 20
30.1
 10
-14.5
 20
13.767
  0
LWPOLYLINE
  5
17A5
330
6F
100
AcDbEntity
  8
L2D2100
100
AcDbPolyline
 90
        4
 70
     1
 43
0.0
 10
-0.5
 20
-23.0
 10
-0.5
 20
-5.4
 10
0.5
 20
-5.4
 10
0.5
 20
-23.0
  0
LWPOLYLINE
  5
17AB
330
6F
100
AcDbEntity
  8
L2D2100
100
AcDbPolyline
 90
        4
 70
     1
 43
0.0
 10
-0.5
 20
-64.5
 10
-0.5
 20
-38.0
 10
0.5
 20
-38.0
 10
0.5
 20
-64.5
  0
LWPOLYLINE
  5
17B1
330
6F
100
AcDbEntity
  8
L2D2100
100
AcDbPolyline
 90
        4
 70
     1
 43
0.0
 10
-4.5
 20
-22.0
 10
-4.5
 20
-13.999
 10
-4.0
 20
-13.999
 10
-4.0
 20
-22.0
  0
LWPOLYLINE
  5
17B7
330
6F
100
AcDbEntity
  8
L2D2100
100
AcDbPolyline
 90
        4
 70
     1
 43
0.0
 10
-3.5
 20
-23.0
 10
-3.5
 20
-22.5
 10
0.5
 20
-22.5
 10
0.5
 20
-23.0
  0
LWPOLYLINE
  5
17BD
330
6F
100
AcDbEntity
  8
L2D2100
100
AcDbPolyline
 90
        4
 70
     1
 43
0.0
 10
-8.0
 20
-26.5
 10
-8.0
 20
-13.999
 10
-7.5
 20
-13.999
 10
-7.5
 20
-26.5
  0
LWPOLYLINE
  5
17C3
330
6F
100
AcDbEntity
  8
L2D2100
100
AcDbPolyline
 90
        4
 70
     1
 43
0.0
 10
-15.0
 20
-30.1
 10
-15.0
 20
-13.999
 10
-14.5
 20
-13.999
 10
-14.5
 20
-30.1
  0
LWPOLYLINE
  5
17C9
330
6F
100
AcDbEntity
  8
L2D2100
100
AcDbPolyline
 90
        4
 70
     1
 43
0.0
 10
-4.5
 20
-47.0
 10
-4.5
 20
-39.0
 10
-4.0
 20
-39.0
 10
-4.0
 20
-47.0
  0
LWPOLYLINE
  5
17CF
330
6F
100
AcDbEntity
  8
L2D2100
100
AcDbPolyline
 90
        4
 70
     1
 43
0.0
 10
-3.5
 20
-38.5
 10
-3.5
 20
-38.0
 10
0.5
 20
-38.0
 10
0.5
 20
-38.5
  0
LWPOLYLINE
  5
17D5
330
6F
100
AcDbEntity
  8
L2D2100
100
AcDbPolyline
 90
        4
 70
     1
 43
0.0
 10
-8.0
 20
-47.0
 10
-8.0
 20
-34.5
 10
-7.5
 20
-34.5
 10
-7.5
 20
-47.0
  0
LWPOLYLINE
  5
17DB
330
6F
100
AcDbEntity
  8
L2D2100
100
AcDbPolyline
 90
        4
 70
     1
 43
0.0
 10
-15.0
 20
-47.0
 10
-15.0
 20
-29.9
 10
-14.5
 20
-29.9
 10
-14.5
 20
-47.0
  0
LWPOLYLINE
  5
17E1
330
6F
100
AcDbEntity
  8
L2D2100
100
AcDbPolyline
 90
        4
 70
     1
 43
0.0
 10
-0.5
 20
-1.25
 10
-0.5
 20
1.25
 10
0.5
 20
1.25
 10
0.5
 20
-1.25
  0
LWPOLYLINE
  5
17E7
330
6F
100
AcDbEntity
  8
L2D2100
100
AcDbPolyline
 90
        4
 70
     1
 43
0.0
 10
-0.5
 20
7.5
 10
-0.5
 20
8.0
 10
3.5
 20
8.0
 10
3.5
 20
7.5
  0
LWPOLYLINE
  5
17ED
330
6F
100
AcDbEntity
  8
L2D2100
100
AcDbPolyline
 90
        4
 70
     1
 43
0.0
 10
-0.5
 20
-8.0
 10
-0.5
 20
-7.5
 10
3.5
 20
-7.5
 10
3.5
 20
-8.0
  0
LWPOLYLINE
  5
17F3
330
6F
100
AcDbEntity
  8
L2D2100
100
AcDbPolyline
 90
        4
 70
     1
 43
0.0
 10
28.5
 20
-0.9279999999999999
 10
28.5
 20
16.5
 10
29.0
 20
16.5
 10
29.0
 20
-0.9279999999999999
  0
LWPOLYLINE
  5
17F9
330
6F
100
AcDbEntity
  8
L2D2100
100
AcDbPolyline
 90
        4
 70
     1
 43
0.0
 10
28.5
 20
-16.5
 10
28.5
 20
0.929
 10
29.0
 20
0.929
 10
29.0
 20
-16.5
  0
LWPOLYLINE
  5
17FF
330
6F
100
AcDbEntity
  8
L2D2100
100
AcDbPolyline
 90
        4
 70
     1
 43
0.0
 10
4.0
 20
8.5
 10
4.0
 20
16.501
 10
4.5
 20
16.501
 10
4.5
 20
8.5
  0
LWPOLYLINE
  5
1805
330
6F
100
AcDbEntity
  8
L2D2100
100
AcDbPolyline
 90
        4
 70
     1
 43
0.0
 10
7.5
 20
4.0
 10
7.5
 20
16.501
 10
8.0
 20
16.501
 10
8.0
 20
4.0
  0
LWPOLYLINE
  5
180B
330
6F
100
AcDbEntity
  8
L2D2100
100
AcDbPolyline
 90
        4
 70
     1
 43
0.0
 10
21.5
 20
4.0
 10
21.5
 20
16.5
 10
22.0
 20
16.5
 10
22.0
 20
4.0
  0
LWPOLYLINE
  5
1811
330
6F
100
AcDbEntity
  8
L2D2100
100
AcDbPolyline
 90
        4
 70
     1
 43
0.0
 10
25.0
 20
4.0
 10
25.0
 20
16.5
 10
25.5
 20
16.5
 10
25.5
 20
4.0
  0
LWPOLYLINE
  5
1817
330
6F
100
AcDbEntity
  8
L2D2100
100
AcDbPolyline
 90
        4
 70
     1
 43
0.0
 10
14.5
 20
4.0
 10
14.5
 20
16.501
 10
15.0
 20
16.501
 10
15.0
 20
4.0
  0
LWPOLYLINE
  5
181D
330
6F
100
AcDbEntity
  8
L2D2100
100
AcDbPolyline
 90
        4
 70
     1
 43
0.0
 10
18.0
 20
4.0
 10
18.0
 20
16.5
 10
18.5
 20
16.5
 10
18.5
 20
4.0
  0
LWPOLYLINE
  5
1823
330
6F
100
AcDbEntity
  8
L2D2100
100
AcDbPolyline
 90
        4
 70
     1
 43
0.0
 10
14.5
 20
-16.5
 10
14.5
 20
-4.0
 10
15.0
 20
-4.0
 10
15.0
 20
-16.5
  0
LWPOLYLINE
  5
1829
330
6F
100
AcDbEntity
  8
L2D2100
100
AcDbPolyline
 90
        4
 70
     1
 43
0.0
 10
18.0
 20
-16.5
 10
18.0
 20
-4.0
 10
18.5
 20
-4.0
 10
18.5
 20
-16.5
  0
LWPOLYLINE
  5
182F
330
6F
100
AcDbEntity
  8
L2D2100
100
AcDbPolyline
 90
        4
 70
     1
 43
0.0
 10
21.5
 20
-16.5
 10
21.5
 20
-4.0
 10
22.0
 20
-4.0
 10
22.0
 20
-16.5
  0
LWPOLYLINE
  5
1835
330
6F
100
AcDbEntity
  8
L2D2100
100
AcDbPolyline
 90
        4
 70
     1
 43
0.0
 10
25.0
 20
-16.5
 10
25.0
 20
-4.0
 10
25.5
 20
-4.0
 10
25.5
 20
-16.5
  0
LWPOLYLINE
  5
183B
330
6F
100
AcDbEntity
  8
L2D2100
100
AcDbPolyline
 90
        4
 70
     1
 43
0.0
 10
4.0
 20
-16.5
 10
4.0
 20
-8.5
 10
4.5
 20
-8.5
 10
4.5
 20
-16.5
  0
LWPOLYLINE
  5
1841
330
6F
100
AcDbEntity
  8
L2D2100
100
AcDbPolyline
 90
        4
 70
     1
 43
0.0
 10
7.5
 20
-16.5
 10
7.5
 20
-4.0
 10
8.0
 20
-4.0
 10
8.0
 20
-16.5
  0
LWPOLYLINE
  5
1847
330
6F
100
AcDbEntity
  8
L3D700
100
AcDbPolyline
 90
        4
 70
     1
 43
0.0
 10
0.065
 20
2.85
 10
0.065
 20
3.25
 10
0.465
 20
3.25
 10
0.465
 20
2.85
  0
LWPOLYLINE
  5
184D
330
6F
100
AcDbEntity
  8
L3D700
100
AcDbPolyline
 90
        4
 70
     1
 43
0.0
 10
-0.465
 20
2.85
 10
-0.465
 20
3.25
 10
-0.065
 20
3.25
 10
-0.065
 20
2.85
  0
LWPOLYLINE
  5
1853
330
6F
100
AcDbEntity
  8
L3D700
100
AcDbPolyline
 90
        4
 70
     1
 43
0.0
 10
-0.363
 20
3.25
 10
-0.363
 20
3.45
 10
0.363
 20
3.45
 10
0.363
 20
3.25
  0
LWPOLYLINE
  5
1859
330
6F
100
AcDbEntity
  8
L3D700
100
AcDbPolyline
 90
        4
 70
     1
 43
0.0
 10
0.065
 20
-3.85
 10
0.065
 20
-3.45
 10
0.465
 20
-3.45
 10
0.465
 20
-3.85
  0
LWPOLYLINE
  5
185F
330
6F
100
AcDbEntity
  8
L3D700
100
AcDbPolyline
 90
        4
 70
     1
 43
0.0
 10
-0.465
 20
-3.85
 10
-0.465
 20
-3.45
 10
-0.065
 20
-3.45
 10
-0.065
 20
-3.85
  0
LWPOLYLINE
  5
1865
330
6F
100
AcDbEntity
  8
L3D700
100
AcDbPolyline
 90
        4
 70
     1
 43
0.0
 10
-0.363
 20
-3.45
 10
-0.363
 20
-3.25
 10
0.363
 20
-3.25
 10
0.363
 20
-3.45
  0
LWPOLYLINE
  5
186B
330
6F
100
AcDbEntity
  8
L2D2400
100
AcDbPolyline
 90
        4
 70
     1
 43
0.0
 10
-0.215
 20
3.45
 10
-0.215
 20
5.55
 10
0.215
 20
5.55
 10
0.215
 20
3.45
  0
LWPOLYLINE
  5
1871
330
6F
100
AcDbEntity
  8
L2D2400
100
AcDbPolyline
 90
        4
 70
     1
 43
0.0
 10
-0.065
 20
1.15
 10
-0.065
 20
3.25
 10
0.065
 20
3.25
 10
0.065
 20
1.15
  0
LWPOLYLINE
  5
1877
330
6F
100
AcDbEntity
  8
L2D2400
100
AcDbPolyline
 90
        4
 70
     1
 43
0.0
 10
-0.215
 20
-3.25
 10
-0.215
 20
-1.15
 10
0.215
 20
-1.15
 10
0.215
 20
-3.25
  0
LWPOLYLINE
  5
187D
330
6F
100
AcDbEntity
  8
L2D2400
100
AcDbPolyline
 90
        4
 70
     1
 43
0.0
 10
-0.065
 20
-5.55
 10
-0.065
 20
-3.45
 10
0.065
 20
-3.45
 10
0.065
 20
-5.55
  0
ENDSEC
  0
SECTION
  2
OBJECTS
  0
DICTIONARY
  5
C
330
0
100
AcDbDictionary
281
     1
  3
ACAD_CIP_PREVIOUS_PRODUCT_INFO
350
1884
  3
ACAD_COLOR
350
62
  3
ACAD_DETAILVIEWSTYLE
350
69
  3
ACAD_GROUP
350
D
  3
ACAD_LAST_SAVED_VERSION_INFO
350
1899
  3
ACAD_LAYOUT
350
61
  3
ACAD_MATERIAL
350
10
  3
ACAD_MLEADERSTYLE
350
65
  3
ACAD_MLINESTYLE
350
5E
  3
ACAD_PLOTSETTINGS
350
60
  3
ACAD_PLOTSTYLENAME
350
E
  3
ACAD_SCALELIST
350
42
  3
ACAD_SECTIONVIEWSTYLE
350
67
  3
ACAD_TABLESTYLE
350
63
  3
ACAD_VISUALSTYLE
350
29
  3
ACDB_RECOMPOSE_DATA
350
18BD
  3
AcDbVariableDictionary
350
1885
  0
DICTIONARY
  5
189A
330
54
100
AcDbDictionary
280
     1
281
     1
  3
ADSK_XREC_LAYER_RECONCILED
360
189B
  0
DICTIONARY
  5
189C
330
73
100
AcDbDictionary
280
     1
281
     1
  3
ADSK_XREC_LAYER_RECONCILED
360
189D
  0
DICTIONARY
  5
189E
330
74
100
AcDbDictionary
280
     1
281
     1
  3
ADSK_XREC_LAYER_RECONCILED
360
189F
  0
DICTIONARY
  5
18A0
330
75
100
AcDbDictionary
280
     1
281
     1
  3
ADSK_XREC_LAYER_RECONCILED
360
18A1
  0
DICTIONARY
  5
18A2
330
76
100
AcDbDictionary
280
     1
281
     1
  3
ADSK_XREC_LAYER_RECONCILED
360
18A3
  0
DICTIONARY
  5
18A4
330
77
100
AcDbDictionary
280
     1
281
     1
  3
ADSK_XREC_LAYER_RECONCILED
360
18A5
  0
DICTIONARY
  5
18A6
330
78
100
AcDbDictionary
280
     1
281
     1
  3
ADSK_XREC_LAYER_RECONCILED
360
18A7
  0
DICTIONARY
  5
18A8
330
79
100
AcDbDictionary
280
     1
281
     1
  3
ADSK_XREC_LAYER_RECONCILED
360
18A9
  0
DICTIONARY
  5
18AA
330
7A
100
AcDbDictionary
280
     1
281
     1
  3
ADSK_XREC_LAYER_RECONCILED
360
18AB
  0
DICTIONARY
  5
18AC
330
7B
100
AcDbDictionary
280
     1
281
     1
  3
ADSK_XREC_LAYER_RECONCILED
360
18AD
  0
XRECORD
  5
1884
102
{ACAD_REACTORS
330
C
102
}
330
C
100
AcDbXrecord
280
     1
300
ACD
300
2024
300
87798ACD_2024_0F
  0
DICTIONARY
  5
62
102
{ACAD_REACTORS
330
C
102
}
330
C
100
AcDbDictionary
281
     1
  0
DICTIONARY
  5
69
102
{ACAD_REACTORS
330
C
102
}
330
C
100
AcDbDictionary
281
     1
  3
Imperial24
350
6A
  0
DICTIONARY
  5
D
102
{ACAD_REACTORS
330
C
102
}
330
C
100
AcDbDictionary
281
     1
  0
XRECORD
  5
1899
102
{ACAD_REACTORS
330
C
102
}
330
C
100
AcDbXrecord
280
     1
300
{514258B3-5171-0049-B9FF-3FEBC30B67EB}
301
{3E0F95C6-1692-104F-97FB-4816C2F6CDC0}
302
{514258B3-5171-0049-B9FF-3FEBC30B67EB}
303
E:\Eeshita\QuantroTa_01_726_22_finger_130nm_SJ_01_04_25.dwg
  0
DICTIONARY
  5
61
102
{ACAD_REACTORS
330
C
102
}
330
C
100
AcDbDictionary
281
     1
  3
Layout1
350
6E
  3
Model
350
72
  0
DICTIONARY
  5
10
102
{ACAD_REACTORS
330
C
102
}
330
C
100
AcDbDictionary
281
     1
  3
ByBlock
350
19
  3
ByLayer
350
11
  3
Global
350
21
  0
DICTIONARY
  5
65
102
{ACAD_REACTORS
330
C
102
}
330
C
100
AcDbDictionary
281
     1
  3
Standard
350
66
  0
DICTIONARY
  5
5E
102
{ACAD_REACTORS
330
C
102
}
330
C
100
AcDbDictionary
281
     1
  3
Standard
350
5F
  0
DICTIONARY
  5
60
102
{ACAD_REACTORS
330
C
102
}
330
C
100
AcDbDictionary
281
     1
  0
ACDBDICTIONARYWDFLT
  5
E
102
{ACAD_REACTORS
330
C
102
}
330
C
100
AcDbDictionary
281
     1
  3
Normal
350
F
100
AcDbDictionaryWithDefault
340
F
  0
DICTIONARY
  5
42
102
{ACAD_REACTORS
330
C
102
}
330
C
100
AcDbDictionary
281
     1
  3
A0
350
43
  3
A1
350
44
  3
A2
350
45
  3
A3
350
46
  3
A4
350
47
  3
A5
350
48
  3
A6
350
49
  3
A7
350
4A
  3
A8
350
4B
  3
A9
350
4C
  3
B0
350
4D
  3
B1
350
4E
  3
B2
350
4F
  3
B3
350
50
  3
B4
350
51
  3
B5
350
52
  3
B6
350
53
  0
DICTIONARY
  5
67
102
{ACAD_REACTORS
330
C
102
}
330
C
100
AcDbDictionary
281
     1
  3
Imperial24
350
68
  0
DICTIONARY
  5
63
102
{ACAD_REACTORS
330
C
102
}
330
C
100
AcDbDictionary
281
     1
  3
Standard
350
64
  0
DICTIONARY
  5
29
102
{ACAD_REACTORS
330
C
102
}
330
C
100
AcDbDictionary
281
     1
  3
2dWireframe
350
2F
  3
Basic
350
2E
  3
Brighten
350
35
  3
ColorChange
350
39
  3
Conceptual
350
32
  3
Dim
350
34
  3
EdgeColorOff
350
41
  3
Facepattern
350
38
  3
Flat
350
2A
  3
FlatWithEdges
350
2B
  3
Gouraud
350
2C
  3
GouraudWithEdges
350
2D
  3
Hidden
350
31
  3
JitterOff
350
3F
  3
Linepattern
350
37
  3
OverhangOff
350
40
  3
Realistic
350
33
  3
Shaded
350
3E
  3
Shaded with edges
350
3D
  3
Shades of Gray
350
3A
  3
Sketchy
350
3B
  3
Thicken
350
36
  3
Wireframe
350
30
  3
X-Ray
350
3C
  0
XRECORD
  5
18BD
102
{ACAD_REACTORS
330
C
102
}
330
C
100
AcDbXrecord
280
     1
 90
        1
330
64
  0
DICTIONARY
  5
1885
102
{ACAD_REACTORS
330
C
102
}
330
C
100
AcDbDictionary
281
     1
  3
CANNOSCALE
350
18B3
  3
CMLEADERSTYLE
350
18AF
  3
CTABLESTYLE
350
18AE
  3
CVIEWDETAILSTYLE
350
18B0
  3
CVIEWSECTIONSTYLE
350
18B1
  3
LAYEREVAL
350
18B5
  3
LAYERNOTIFY
350
18B6
  3
LIGHTINGUNITS
350
18B4
  3
MSLTSCALE
350
18B2
  0
XRECORD
  5
189B
102
{ACAD_REACTORS
330
189A
102
}
330
189A
100
AcDbXrecord
280
     1
290
     1
  0
XRECORD
  5
189D
102
{ACAD_REACTORS
330
189C
102
}
330
189C
100
AcDbXrecord
280
     1
290
     1
  0
XRECORD
  5
189F
102
{ACAD_REACTORS
330
189E
102
}
330
189E
100
AcDbXrecord
280
     1
290
     1
  0
XRECORD
  5
18A1
102
{ACAD_REACTORS
330
18A0
102
}
330
18A0
100
AcDbXrecord
280
     1
290
     1
  0
XRECORD
  5
18A3
102
{ACAD_REACTORS
330
18A2
102
}
330
18A2
100
AcDbXrecord
280
     1
290
     1
  0
XRECORD
  5
18A5
102
{ACAD_REACTORS
330
18A4
102
}
330
18A4
100
AcDbXrecord
280
     1
290
     1
  0
XRECORD
  5
18A7
102
{ACAD_REACTORS
330
18A6
102
}
330
18A6
100
AcDbXrecord
280
     1
290
     1
  0
XRECORD
  5
18A9
102
{ACAD_REACTORS
330
18A8
102
}
330
18A8
100
AcDbXrecord
280
     1
290
     1
  0
XRECORD
  5
18AB
102
{ACAD_REACTORS
330
18AA
102
}
330
18AA
100
AcDbXrecord
280
     1
290
     1
  0
XRECORD
  5
18AD
102
{ACAD_REACTORS
330
18AC
102
}
330
18AC
100
AcDbXrecord
280
     1
290
     1
  0
ACDBDETAILVIEWSTYLE
  5
6A
102
{ACAD_REACTORS
330
69
102
}
102
{ACAD_XDICTIONARY
360
18B7
102
}
330
69
100
AcDbModelDocViewStyle
 70
     0
  3
Imperial24
290
     0
100
AcDbDetailViewStyle
 70
     0
 71
     0
 90
        3
 71
     1
340
55
 62
   256
 40
0.24
340
0
 62
   256
 40
0.24
300

 40
0.36
280
     3
 71
     2
340
5C
 90
       25
 62
   256
 71
     3
340
55
 62
   256
 40
0.24
 90
        1
 40
0.75
 90
        1
300
%<\AcVar ViewType \f "%tc1">% %<\AcVar ViewDetailId>%\PSCALE %<\AcVar ViewScale \f "%sn">%
 71
     4
340
5C
 90
       25
 62
   256
340
5C
 90
       25
 62
   256
280
     0
  0
LAYOUT
  5
6E
102
{ACAD_REACTORS
330
61
102
}
330
61
100
AcDbPlotSettings
  1

  2
NPID5E5A5 (HP LaserJet 400 color M451dn)
  4

  6

 40
0.0
 41
0.0
 42
0.0
 43
0.0
 44
0.0
 45
0.0
 46
0.0
 47
0.0
 48
0.0
 49
0.0
140
0.0
141
0.0
142
1.0
143
1.0
 70
   688
 72
     0
 73
     0
 74
     5
  7

 75
    16
 76
     0
 77
     2
 78
   300
147
1.0
148
0.0
149
0.0
100
AcDbLayout
  1
Layout1
 70
     1
 71
     1
 10
0.0
 20
0.0
 11
12.0
 21
9.0
 12
0.0
 22
0.0
 32
0.0
 14
1.000000000000000E+20
 24
1.000000000000000E+20
 34
1.000000000000000E+20
 15
-1.000000000000000E+20
 25
-1.000000000000000E+20
 35
-1.000000000000000E+20
146
0.0
 13
0.0
 23
0.0
 33
0.0
 16
1.0
 26
0.0
 36
0.0
 17
0.0
 27
1.0
 37
0.0
 76
     0
330
6B
  0
LAYOUT
  5
72
102
{ACAD_REACTORS
330
61
102
}
330
61
100
AcDbPlotSettings
  1

  2
NPID5E5A5 (HP LaserJet 400 color M451dn)
  4

  6

 40
0.0
 41
0.0
 42
0.0
 43
0.0
 44
0.0
 45
0.0
 46
0.0
 47
0.0
 48
0.0
 49
0.0
140
0.0
141
0.0
142
1.0
143
1.0
 70
  1712
 72
     0
 73
     0
 74
     0
  7

 75
     0
 76
     0
 77
     2
 78
   300
147
1.0
148
0.0
149
0.0
100
AcDbLayout
  1
Model
 70
     1
 71
     0
 10
0.0
 20
0.0
 11
12.0
 21
9.0
 12
0.0
 22
0.0
 32
0.0
 14
0.0
 24
0.0
 34
0.0
 15
0.0
 25
0.0
 35
0.0
146
0.0
 13
0.0
 23
0.0
 33
0.0
 16
1.0
 26
0.0
 36
0.0
 17
0.0
 27
1.0
 37
0.0
 76
     0
330
6F
331
7D
  0
MATERIAL
  5
19
102
{ACAD_REACTORS
330
10
102
}
330
10
100
AcDbMaterial
  1
ByBlock
 72
     0
 73
     2
 43
0.0208333333333333
 43
0.0
 43
0.0
 43
0.0
 43
0.0
 43
0.0208333333333333
 43
0.0
 43
0.0
 43
0.0
 43
0.0
 43
1.0
 43
0.0
 43
0.0
 43
0.0
 43
0.0
 43
1.0
 77
     0
 78
     2
 47
0.0208333333333333
 47
0.0
 47
0.0
 47
0.0
 47
0.0
 47
0.0208333333333333
 47
0.0
 47
0.0
 47
0.0
 47
0.0
 47
1.0
 47
0.0
 47
0.0
 47
0.0
 47
0.0
 47
1.0
171
     0
172
     2
 49
0.0208333333333333
 49
0.0
 49
0.0
 49
0.0
 49
0.0
 49
0.0208333333333333
 49
0.0
 49
0.0
 49
0.0
 49
0.0
 49
1.0
 49
0.0
 49
0.0
 49
0.0
 49
0.0
 49
1.0
175
     0
176
     2
142
0.0208333333333333
142
0.0
142
0.0
142
0.0
142
0.0
142
0.0208333333333333
142
0.0
142
0.0
142
0.0
142
0.0
142
1.0
142
0.0
142
0.0
142
0.0
142
0.0
142
1.0
179
     0
270
     2
144
0.0208333333333333
144
0.0
144
0.0
144
0.0
144
0.0
144
0.0208333333333333
144
0.0
144
0.0
144
0.0
144
0.0
144
1.0
144
0.0
144
0.0
144
0.0
144
0.0
144
1.0
274
     2
147
0.0208333333333333
147
0.0
147
0.0
147
0.0
147
0.0
147
0.0208333333333333
147
0.0
147
0.0
147
0.0
147
0.0
147
1.0
147
0.0
147
0.0
147
0.0
147
0.0
147
1.0
 94
      127
  0
MATERIAL
  5
11
102
{ACAD_REACTORS
330
10
102
}
330
10
100
AcDbMaterial
  1
ByLayer
 72
     0
 73
     2
 43
0.0208333333333333
 43
0.0
 43
0.0
 43
0.0
 43
0.0
 43
0.0208333333333333
 43
0.0
 43
0.0
 43
0.0
 43
0.0
 43
1.0
 43
0.0
 43
0.0
 43
0.0
 43
0.0
 43
1.0
 77
     0
 78
     2
 47
0.0208333333333333
 47
0.0
 47
0.0
 47
0.0
 47
0.0
 47
0.0208333333333333
 47
0.0
 47
0.0
 47
0.0
 47
0.0
 47
1.0
 47
0.0
 47
0.0
 47
0.0
 47
0.0
 47
1.0
171
     0
172
     2
 49
0.0208333333333333
 49
0.0
 49
0.0
 49
0.0
 49
0.0
 49
0.0208333333333333
 49
0.0
 49
0.0
 49
0.0
 49
0.0
 49
1.0
 49
0.0
 49
0.0
 49
0.0
 49
0.0
 49
1.0
175
     0
176
     2
142
0.0208333333333333
142
0.0
142
0.0
142
0.0
142
0.0
142
0.0208333333333333
142
0.0
142
0.0
142
0.0
142
0.0
142
1.0
142
0.0
142
0.0
142
0.0
142
0.0
142
1.0
179
     0
270
     2
144
0.0208333333333333
144
0.0
144
0.0
144
0.0
144
0.0
144
0.0208333333333333
144
0.0
144
0.0
144
0.0
144
0.0
144
1.0
144
0.0
144
0.0
144
0.0
144
0.0
144
1.0
274
     2
147
0.0208333333333333
147
0.0
147
0.0
147
0.0
147
0.0
147
0.0208333333333333
147
0.0
147
0.0
147
0.0
147
0.0
147
1.0
147
0.0
147
0.0
147
0.0
147
0.0
147
1.0
 94
      127
  0
MATERIAL
  5
21
102
{ACAD_REACTORS
330
10
102
}
330
10
100
AcDbMaterial
  1
Global
 72
     0
 73
     2
 43
0.0208333333333333
 43
0.0
 43
0.0
 43
0.0
 43
0.0
 43
0.0208333333333333
 43
0.0
 43
0.0
 43
0.0
 43
0.0
 43
1.0
 43
0.0
 43
0.0
 43
0.0
 43
0.0
 43
1.0
 77
     0
 78
     2
 47
0.0208333333333333
 47
0.0
 47
0.0
 47
0.0
 47
0.0
 47
0.0208333333333333
 47
0.0
 47
0.0
 47
0.0
 47
0.0
 47
1.0
 47
0.0
 47
0.0
 47
0.0
 47
0.0
 47
1.0
171
     0
172
     2
 49
0.0208333333333333
 49
0.0
 49
0.0
 49
0.0
 49
0.0
 49
0.0208333333333333
 49
0.0
 49
0.0
 49
0.0
 49
0.0
 49
1.0
 49
0.0
 49
0.0
 49
0.0
 49
0.0
 49
1.0
175
     0
176
     2
142
0.0208333333333333
142
0.0
142
0.0
142
0.0
142
0.0
142
0.0208333333333333
142
0.0
142
0.0
142
0.0
142
0.0
142
1.0
142
0.0
142
0.0
142
0.0
142
0.0
142
1.0
179
     0
270
     2
144
0.0208333333333333
144
0.0
144
0.0
144
0.0
144
0.0
144
0.0208333333333333
144
0.0
144
0.0
144
0.0
144
0.0
144
1.0
144
0.0
144
0.0
144
0.0
144
0.0
144
1.0
274
     2
147
0.0208333333333333
147
0.0
147
0.0
147
0.0
147
0.0
147
0.0208333333333333
147
0.0
147
0.0
147
0.0
147
0.0
147
1.0
147
0.0
147
0.0
147
0.0
147
0.0
147
1.0
 94
      127
  0
MLEADERSTYLE
  5
66
102
{ACAD_REACTORS
330
65
102
}
330
65
100
AcDbMLeaderStyle
179
     2
170
     2
171
     1
172
     0
 90
        2
 40
0.0
 41
0.0
173
     1
 91
-1056964608
340
5A
 92
       -2
290
     1
 42
0.09
291
     1
 43
0.36
  3
Standard
341
0
 44
0.18
300

342
55
174
     1
178
     6
175
     1
176
     0
 93
-1056964608
 45
0.18
292
     0
297
     0
 46
0.18
343
0
 94
-1056964608
 47
1.0
 49
1.0
140
1.0
293
     1
141
0.0
294
     1
177
     0
142
1.0
295
     0
296
     0
143
0.125
271
     0
272
     9
273
     9
298
     0
  0
MLINESTYLE
  5
5F
102
{ACAD_REACTORS
330
5E
102
}
330
5E
100
AcDbMlineStyle
  2
STANDARD
 70
     0
  3

 62
   256
 51
90.0
 52
90.0
 71
     2
 49
0.5
 62
   256
  6
BYLAYER
 49
-0.5
 62
   256
  6
BYLAYER
  0
ACDBPLACEHOLDER
  5
F
102
{ACAD_REACTORS
330
E
102
}
330
E
  0
SCALE
  5
43
102
{ACAD_REACTORS
330
42
102
}
330
42
100
AcDbScale
 70
     0
300
1:1
140
1.0
141
1.0
290
     1
  0
SCALE
  5
44
102
{ACAD_REACTORS
330
42
102
}
330
42
100
AcDbScale
 70
     0
300
1/128" = 1'-0"
140
0.0078125
141
12.0
290
     0
  0
SCALE
  5
45
102
{ACAD_REACTORS
330
42
102
}
330
42
100
AcDbScale
 70
     0
300
1/64" = 1'-0"
140
0.015625
141
12.0
290
     0
  0
SCALE
  5
46
102
{ACAD_REACTORS
330
42
102
}
330
42
100
AcDbScale
 70
     0
300
1/32" = 1'-0"
140
0.03125
141
12.0
290
     0
  0
SCALE
  5
47
102
{ACAD_REACTORS
330
42
102
}
330
42
100
AcDbScale
 70
     0
300
1/16" = 1'-0"
140
0.0625
141
12.0
290
     0
  0
SCALE
  5
48
102
{ACAD_REACTORS
330
42
102
}
330
42
100
AcDbScale
 70
     0
300
3/32" = 1'-0"
140
0.09375
141
12.0
290
     0
  0
SCALE
  5
49
102
{ACAD_REACTORS
330
42
102
}
330
42
100
AcDbScale
 70
     0
300
1/8" = 1'-0"
140
0.125
141
12.0
290
     0
  0
SCALE
  5
4A
102
{ACAD_REACTORS
330
42
102
}
330
42
100
AcDbScale
 70
     0
300
3/16" = 1'-0"
140
0.1875
141
12.0
290
     0
  0
SCALE
  5
4B
102
{ACAD_REACTORS
330
42
102
}
330
42
100
AcDbScale
 70
     0
300
1/4" = 1'-0"
140
0.25
141
12.0
290
     0
  0
SCALE
  5
4C
102
{ACAD_REACTORS
330
42
102
}
330
42
100
AcDbScale
 70
     0
300
3/8" = 1'-0"
140
0.375
141
12.0
290
     0
  0
SCALE
  5
4D
102
{ACAD_REACTORS
330
42
102
}
330
42
100
AcDbScale
 70
     0
300
1/2" = 1'-0"
140
0.5
141
12.0
290
     0
  0
SCALE
  5
4E
102
{ACAD_REACTORS
330
42
102
}
330
42
100
AcDbScale
 70
     0
300
3/4" = 1'-0"
140
0.75
141
12.0
290
     0
  0
SCALE
  5
4F
102
{ACAD_REACTORS
330
42
102
}
330
42
100
AcDbScale
 70
     0
300
1" = 1'-0"
140
1.0
141
12.0
290
     0
  0
SCALE
  5
50
102
{ACAD_REACTORS
330
42
102
}
330
42
100
AcDbScale
 70
     0
300
1-1/2" = 1'-0"
140
1.5
141
12.0
290
     0
  0
SCALE
  5
51
102
{ACAD_REACTORS
330
42
102
}
330
42
100
AcDbScale
 70
     0
300
3" = 1'-0"
140
3.0
141
12.0
290
     0
  0
SCALE
  5
52
102
{ACAD_REACTORS
330
42
102
}
330
42
100
AcDbScale
 70
     0
300
6" = 1'-0"
140
6.0
141
12.0
290
     0
  0
SCALE
  5
53
102
{ACAD_REACTORS
330
42
102
}
330
42
100
AcDbScale
 70
     0
300
1'-0" = 1'-0"
140
12.0
141
12.0
290
     0
  0
ACDBSECTIONVIEWSTYLE
  5
68
102
{ACAD_REACTORS
330
67
102
}
102
{ACAD_XDICTIONARY
360
18B9
102
}
330
67
100
AcDbModelDocViewStyle
 70
     0
  3
Imperial24
290
     0
100
AcDbSectionViewStyle
 70
     0
 71
     0
 90
       78
 71
     1
340
55
 62
   256
 40
0.24
340
0
340
0
 62
   256
 40
0.24
300
I, O, Q, S, X, Z
 40
0.48
 90
        3
 40
0.18
 90
        1
 71
     2
340
5C
 90
       25
 62
   256
340
5C
 90
       50
 62
   256
 40
0.24
 40
0.0
 40
0.24
 71
     3
340
55
 62
   256
 40
0.24
 90
        1
 40
0.75
 90
        1
300
%<\AcVar ViewType \f "%tc1">% %<\AcVar ViewSectionStartId>%-%<\AcVar ViewSectionEndId>%\PSCALE %<\AcVar ViewScale \f "%sn">%
 71
     4
 62
   256
 62
   257
300
ANSI31
 40
1.0
 90
        0
290
     0
290
     0
 90
        6
 40
0.0
 40
1.570796326794897
 40
0.2617993877991494
 40
1.308996938995747
 40
-0.2617993877991494
 40
1.832595714594046
  0
TABLESTYLE
  5
64
102
{ACAD_REACTORS
330
63
102
}
102
{ACAD_XDICTIONARY
360
18BB
102
}
330
63
100
AcDbTableStyle
  3
Standard
 70
     0
 71
     0
 40
0.06
 41
0.06
280
     0
281
     0
  7
Standard
140
0.18
170
     2
 62
     0
 63
   257
283
     0
 90
      512
 91
        0
  1

274
    -2
284
     1
 64
     0
275
    -2
285
     1
 65
     0
276
    -2
286
     1
 66
     0
277
    -2
287
     1
 67
     0
278
    -2
288
     1
 68
     0
279
    -2
289
     1
 69
     0
  7
Standard
140
0.25
170
     5
 62
     0
 63
   257
283
     0
 90
      512
 91
        0
  1

274
    -2
284
     1
 64
     0
275
    -2
285
     1
 65
     0
276
    -2
286
     1
 66
     0
277
    -2
287
     1
 67
     0
278
    -2
288
     1
 68
     0
279
    -2
289
     1
 69
     0
  7
Standard
140
0.18
170
     5
 62
     0
 63
   257
283
     0
 90
      512
 91
        0
  1

274
    -2
284
     1
 64
     0
275
    -2
285
     1
 65
     0
276
    -2
286
     1
 66
     0
277
    -2
287
     1
 67
     0
278
    -2
288
     1
 68
     0
279
    -2
289
     1
 69
     0
  0
VISUALSTYLE
  5
2F
102
{ACAD_REACTORS
330
29
102
}
330
29
100
AcDbVisualStyle
  2
2dWireframe
 70
     4
177
     3
291
     0
 70
    58
 90
        0
176
     1
 90
        2
176
     1
 90
        0
176
     1
 90
        0
176
     1
 40
0.6
176
     1
 40
30.0
176
     1
 62
     7
420
 16777215
176
     1
 90
        1
176
     1
 90
        4
176
     1
 62
     7
176
     1
 62
   257
176
     1
 90
        1
176
     1
 90
        1
176
     1
 40
1.0
176
     1
 90
        0
176
     1
 62
   257
176
     1
 40
1.0
176
     1
 90
        1
176
     1
 90
        6
176
     1
 90
        2
176
     1
 62
     7
176
     1
 90
        5
176
     1
 90
        0
176
     1
 90
        0
176
     1
290
     0
176
     1
 90
        1
176
     1
 40
0.0
176
     1
 90
        0
176
     1
290
     1
176
     1
290
     1
176
     1
290
     0
176
     1
290
     0
176
     1
290
     0
176
     1
290
     0
176
     1
290
     0
176
     1
290
     0
176
     1
290
     0
176
     1
 90
       50
176
     1
 40
0.0
176
     1
 40
1.0
176
     1
 90
        0
176
     1
 62
    18
420
        0
176
     1
 90
       50
176
     1
 90
        3
176
     1
 62
     5
420
      255
176
     1
290
     0
176
     1
 90
       50
176
     1
 90
       50
176
     1
 90
       50
176
     1
290
     0
176
     1
 90
       50
176
     1
 62
   256
176
     0
 40
1.0
176
     0
 90
        2
176
     1
  1
strokes_ogs.tif
176
     1
290
     0
176
     1
 40
1.0
176
     1
 40
1.0
176
     1
  0
VISUALSTYLE
  5
2E
102
{ACAD_REACTORS
330
29
102
}
330
29
100
AcDbVisualStyle
  2
Basic
 70
     7
177
     3
291
     1
 70
    58
 90
        1
176
     1
 90
        0
176
     1
 90
        1
176
     1
 90
        0
176
     1
 40
0.6
176
     1
 40
30.0
176
     1
 62
     7
420
 16777215
176
     1
 90
        0
176
     1
 90
        4
176
     1
 62
     7
176
     1
 62
   257
176
     1
 90
        1
176
     1
 90
        1
176
     1
 40
1.0
176
     1
 90
        8
176
     1
 62
     7
176
     1
 40
1.0
176
     1
 90
        1
176
     1
 90
        6
176
     1
 90
        2
176
     1
 62
     7
176
     1
 90
        5
176
     1
 90
        0
176
     1
 90
        0
176
     1
290
     0
176
     1
 90
        1
176
     1
 40
0.0
176
     1
 90
        0
176
     1
290
     0
176
     1
290
     1
176
     1
290
     1
176
     1
290
     0
176
     1
290
     0
176
     1
290
     0
176
     1
290
     0
176
     1
290
     0
176
     1
290
     0
176
     1
 90
       50
176
     1
 40
0.0
176
     1
 40
1.0
176
     1
 90
        0
176
     1
 62
    18
420
        0
176
     1
 90
       50
176
     1
 90
        3
176
     1
 62
     5
420
      255
176
     1
290
     0
176
     1
 90
       50
176
     1
 90
       50
176
     1
 90
       50
176
     1
290
     0
176
     1
 90
       50
176
     1
 62
   256
176
     0
 40
1.0
176
     0
 90
        2
176
     1
  1
strokes_ogs.tif
176
     1
290
     0
176
     1
 40
1.0
176
     1
 40
1.0
176
     1
  0
VISUALSTYLE
  5
35
102
{ACAD_REACTORS
330
29
102
}
330
29
100
AcDbVisualStyle
  2
Brighten
 70
    12
177
     3
291
     1
 70
    58
 90
        2
176
     1
 90
        2
176
     1
 90
        0
176
     1
 90
        0
176
     1
 40
0.6
176
     1
 40
30.0
176
     1
 62
     7
420
 16777215
176
     1
 90
        1
176
     1
 90
        4
176
     1
 62
     7
176
     1
 62
   257
176
     1
 90
        1
176
     1
 90
        1
176
     1
 40
1.0
176
     1
 90
        8
176
     1
 62
     7
176
     1
 40
1.0
176
     1
 90
        1
176
     1
 90
        6
176
     1
 90
        2
176
     1
 62
     7
176
     1
 90
        5
176
     1
 90
        0
176
     1
 90
        0
176
     1
290
     0
176
     1
 90
        1
176
     1
 40
50.0
176
     1
 90
        0
176
     1
290
     0
176
     1
290
     1
176
     1
290
     1
176
     1
290
     0
176
     1
290
     0
176
     1
290
     0
176
     1
290
     0
176
     1
290
     0
176
     1
290
     0
176
     1
 90
       50
176
     1
 40
0.0
176
     1
 40
1.0
176
     1
 90
        0
176
     1
 62
    18
420
        0
176
     1
 90
       50
176
     1
 90
        3
176
     1
 62
     5
420
      255
176
     1
290
     0
176
     1
 90
       50
176
     1
 90
       50
176
     1
 90
       50
176
     1
290
     0
176
     1
 90
       50
176
     1
 62
   256
176
     0
 40
1.0
176
     0
 90
        2
176
     1
  1
strokes_ogs.tif
176
     1
290
     0
176
     1
 40
1.0
176
     1
 40
1.0
176
     1
  0
VISUALSTYLE
  5
39
102
{ACAD_REACTORS
330
29
102
}
330
29
100
AcDbVisualStyle
  2
ColorChange
 70
    16
177
     3
291
     1
 70
    58
 90
        2
176
     1
 90
        2
176
     1
 90
        3
176
     1
 90
        0
176
     1
 40
0.6
176
     1
 40
30.0
176
     1
 62
     8
420
  8421504
176
     1
 90
        1
176
     1
 90
        4
176
     1
 62
     7
176
     1
 62
   257
176
     1
 90
        1
176
     1
 90
        1
176
     1
 40
1.0
176
     1
 90
        8
176
     1
 62
     8
420
  8421504
176
     1
 40
1.0
176
     1
 90
        1
176
     1
 90
        6
176
     1
 90
        2
176
     1
 62
     7
176
     1
 90
        5
176
     1
 90
        0
176
     1
 90
        0
176
     1
290
     0
176
     1
 90
        1
176
     1
 40
0.0
176
     1
 90
        0
176
     1
290
     0
176
     1
290
     1
176
     1
290
     1
176
     1
290
     0
176
     1
290
     0
176
     1
290
     0
176
     1
290
     0
176
     1
290
     0
176
     1
290
     0
176
     1
 90
       50
176
     1
 40
0.0
176
     1
 40
1.0
176
     1
 90
        0
176
     1
 62
    18
420
        0
176
     1
 90
       50
176
     1
 90
        3
176
     1
 62
     5
420
      255
176
     1
290
     0
176
     1
 90
       50
176
     1
 90
       50
176
     1
 90
       50
176
     1
290
     0
176
     1
 90
       50
176
     1
 62
   256
176
     0
 40
1.0
176
     0
 90
        2
176
     1
  1
strokes_ogs.tif
176
     1
290
     0
176
     1
 40
1.0
176
     1
 40
1.0
176
     1
  0
VISUALSTYLE
  5
32
102
{ACAD_REACTORS
330
29
102
}
330
29
100
AcDbVisualStyle
  2
Conceptual
 70
     9
177
     3
291
     0
 70
    58
 90
        3
176
     1
 90
        2
176
     1
 90
        0
176
     1
 90
        0
176
     1
 40
0.6
176
     1
 40
30.0
176
     1
 62
     7
420
 16777215
176
     1
 90
        2
176
     1
 90
        2
176
     1
 62
     7
176
     1
 62
   257
176
     1
 90
        1
176
     1
 90
        1
176
     1
 40
179.0
176
     1
 90
        8
176
     1
 62
     7
176
     1
 40
1.0
176
     1
 90
        1
176
     1
 90
        6
176
     1
 90
        2
176
     1
 62
     7
176
     1
 90
        3
176
     1
 90
        0
176
     1
 90
        0
176
     1
290
     0
176
     1
 90
        1
176
     1
 40
0.0
176
     1
 90
        0
176
     1
290
     0
176
     1
290
     1
176
     1
290
     1
176
     1
290
     0
176
     1
290
     0
176
     1
290
     0
176
     1
290
     0
176
     1
290
     0
176
     1
290
     0
176
     1
 90
       50
176
     1
 40
0.0
176
     1
 40
1.0
176
     1
 90
        0
176
     1
 62
    18
420
        0
176
     1
 90
       50
176
     1
 90
        3
176
     1
 62
     5
420
      255
176
     1
290
     0
176
     1
 90
       50
176
     1
 90
       50
176
     1
 90
       50
176
     1
290
     0
176
     1
 90
       50
176
     1
 62
   256
176
     0
 40
1.0
176
     0
 90
        2
176
     1
  1
strokes_ogs.tif
176
     1
290
     0
176
     1
 40
1.0
176
     1
 40
1.0
176
     1
  0
VISUALSTYLE
  5
34
102
{ACAD_REACTORS
330
29
102
}
330
29
100
AcDbVisualStyle
  2
Dim
 70
    11
177
     3
291
     1
 70
    58
 90
        2
176
     1
 90
        2
176
     1
 90
        0
176
     1
 90
        0
176
     1
 40
0.6
176
     1
 40
30.0
176
     1
 62
     7
420
 16777215
176
     1
 90
        1
176
     1
 90
        4
176
     1
 62
     7
176
     1
 62
   257
176
     1
 90
        1
176
     1
 90
        1
176
     1
 40
1.0
176
     1
 90
        8
176
     1
 62
     7
176
     1
 40
1.0
176
     1
 90
        1
176
     1
 90
        6
176
     1
 90
        2
176
     1
 62
     7
176
     1
 90
        5
176
     1
 90
        0
176
     1
 90
        0
176
     1
290
     0
176
     1
 90
        1
176
     1
 40
-50.0
176
     1
 90
        0
176
     1
290
     0
176
     1
290
     1
176
     1
290
     1
176
     1
290
     0
176
     1
290
     0
176
     1
290
     0
176
     1
290
     0
176
     1
290
     0
176
     1
290
     0
176
     1
 90
       50
176
     1
 40
0.0
176
     1
 40
1.0
176
     1
 90
        0
176
     1
 62
    18
420
        0
176
     1
 90
       50
176
     1
 90
        3
176
     1
 62
     5
420
      255
176
     1
290
     0
176
     1
 90
       50
176
     1
 90
       50
176
     1
 90
       50
176
     1
290
     0
176
     1
 90
       50
176
     1
 62
   256
176
     0
 40
1.0
176
     0
 90
        2
176
     1
  1
strokes_ogs.tif
176
     1
290
     0
176
     1
 40
1.0
176
     1
 40
1.0
176
     1
  0
VISUALSTYLE
  5
41
102
{ACAD_REACTORS
330
29
102
}
330
29
100
AcDbVisualStyle
  2
EdgeColorOff
 70
    22
177
     3
291
     1
 70
    58
 90
        2
176
     0
 90
        2
176
     0
 90
        0
176
     0
 90
        0
176
     0
 40
0.6
176
     0
 40
30.0
176
     0
 62
     7
420
 16777215
176
     0
 90
        1
176
     0
 90
        4
176
     0
 62
     7
176
     0
 62
   257
176
     0
 90
        1
176
     0
 90
        1
176
     0
 40
1.0
176
     0
 90
        8
176
     2
 62
     7
176
     0
 40
1.0
176
     0
 90
        1
176
     0
 90
        6
176
     0
 90
        2
176
     0
 62
     7
176
     0
 90
        5
176
     0
 90
        0
176
     0
 90
        0
176
     0
290
     0
176
     0
 90
        1
176
     0
 40
0.0
176
     0
 90
        0
176
     0
290
     0
176
     1
290
     1
176
     1
290
     1
176
     1
290
     0
176
     1
290
     0
176
     1
290
     0
176
     1
290
     0
176
     1
290
     0
176
     1
290
     0
176
     1
 90
       50
176
     0
 40
0.0
176
     0
 40
1.0
176
     0
 90
        0
176
     0
 62
    18
420
        0
176
     0
 90
       50
176
     0
 90
        3
176
     0
 62
     5
420
      255
176
     0
290
     0
176
     1
 90
       50
176
     0
 90
       50
176
     0
 90
       50
176
     0
290
     0
176
     1
 90
       50
176
     0
 62
   256
176
     0
 40
1.0
176
     0
 90
        2
176
     0
  1
strokes_ogs.tif
176
     0
290
     0
176
     1
 40
1.0
176
     0
 40
1.0
176
     0
  0
VISUALSTYLE
  5
38
102
{ACAD_REACTORS
330
29
102
}
330
29
100
AcDbVisualStyle
  2
Facepattern
 70
    15
177
     3
291
     1
 70
    58
 90
        2
176
     1
 90
        2
176
     1
 90
        0
176
     1
 90
        0
176
     1
 40
0.6
176
     1
 40
30.0
176
     1
 62
     7
420
 16777215
176
     1
 90
        1
176
     1
 90
        4
176
     1
 62
     7
176
     1
 62
   257
176
     1
 90
        1
176
     1
 90
        1
176
     1
 40
1.0
176
     1
 90
        8
176
     1
 62
     7
176
     1
 40
1.0
176
     1
 90
        1
176
     1
 90
        6
176
     1
 90
        2
176
     1
 62
     7
176
     1
 90
        5
176
     1
 90
        0
176
     1
 90
        0
176
     1
290
     0
176
     1
 90
        1
176
     1
 40
0.0
176
     1
 90
        0
176
     1
290
     0
176
     1
290
     1
176
     1
290
     1
176
     1
290
     0
176
     1
290
     0
176
     1
290
     0
176
     1
290
     0
176
     1
290
     0
176
     1
290
     0
176
     1
 90
       50
176
     1
 40
0.0
176
     1
 40
1.0
176
     1
 90
        0
176
     1
 62
    18
420
        0
176
     1
 90
       50
176
     1
 90
        3
176
     1
 62
     5
420
      255
176
     1
290
     0
176
     1
 90
       50
176
     1
 90
       50
176
     1
 90
       50
176
     1
290
     0
176
     1
 90
       50
176
     1
 62
   256
176
     0
 40
1.0
176
     0
 90
        2
176
     1
  1
strokes_ogs.tif
176
     1
290
     0
176
     1
 40
1.0
176
     1
 40
1.0
176
     1
  0
VISUALSTYLE
  5
2A
102
{ACAD_REACTORS
330
29
102
}
330
29
100
AcDbVisualStyle
  2
Flat
 70
     0
177
     3
291
     1
 70
    58
 90
        2
176
     1
 90
        1
176
     1
 90
        1
176
     1
 90
        2
176
     1
 40
0.6
176
     1
 40
30.0
176
     1
 62
     7
420
 16777215
176
     1
 90
        0
176
     1
 90
        0
176
     1
 62
     7
176
     1
 62
   257
176
     1
 90
        1
176
     1
 90
        1
176
     1
 40
1.0
176
     1
 90
        8
176
     1
 62
     7
176
     1
 40
1.0
176
     1
 90
        1
176
     1
 90
        6
176
     1
 90
        2
176
     1
 62
     7
176
     1
 90
        5
176
     1
 90
        0
176
     1
 90
        0
176
     1
290
     0
176
     1
 90
       13
176
     1
 40
0.0
176
     1
 90
        0
176
     1
290
     0
176
     1
290
     1
176
     1
290
     1
176
     1
290
     0
176
     1
290
     0
176
     1
290
     0
176
     1
290
     0
176
     1
290
     0
176
     1
290
     0
176
     1
 90
       50
176
     1
 40
0.0
176
     1
 40
1.0
176
     1
 90
        0
176
     1
 62
    18
420
        0
176
     1
 90
       50
176
     1
 90
        3
176
     1
 62
     5
420
      255
176
     1
290
     0
176
     1
 90
       50
176
     1
 90
       50
176
     1
 90
       50
176
     1
290
     0
176
     1
 90
       50
176
     1
 62
   256
176
     0
 40
1.0
176
     0
 90
        2
176
     1
  1
strokes_ogs.tif
176
     1
290
     0
176
     1
 40
1.0
176
     1
 40
1.0
176
     1
  0
VISUALSTYLE
  5
2B
102
{ACAD_REACTORS
330
29
102
}
330
29
100
AcDbVisualStyle
  2
FlatWithEdges
 70
     1
177
     3
291
     1
 70
    58
 90
        2
176
     1
 90
        1
176
     1
 90
        1
176
     1
 90
        2
176
     1
 40
0.6
176
     1
 40
30.0
176
     1
 62
     7
420
 16777215
176
     1
 90
        1
176
     1
 90
        0
176
     1
 62
     7
176
     1
 62
   257
176
     1
 90
        1
176
     1
 90
        1
176
     1
 40
1.0
176
     1
 90
        0
176
     1
 62
   257
176
     1
 40
1.0
176
     1
 90
        1
176
     1
 90
        6
176
     1
 90
        2
176
     1
 62
     7
176
     1
 90
        5
176
     1
 90
        0
176
     1
 90
        0
176
     1
290
     0
176
     1
 90
       13
176
     1
 40
0.0
176
     1
 90
        0
176
     1
290
     0
176
     1
290
     1
176
     1
290
     1
176
     1
290
     0
176
     1
290
     0
176
     1
290
     0
176
     1
290
     0
176
     1
290
     0
176
     1
290
     0
176
     1
 90
       50
176
     1
 40
0.0
176
     1
 40
1.0
176
     1
 90
        0
176
     1
 62
    18
420
        0
176
     1
 90
       50
176
     1
 90
        3
176
     1
 62
     5
420
      255
176
     1
290
     0
176
     1
 90
       50
176
     1
 90
       50
176
     1
 90
       50
176
     1
290
     0
176
     1
 90
       50
176
     1
 62
   256
176
     0
 40
1.0
176
     0
 90
        2
176
     1
  1
strokes_ogs.tif
176
     1
290
     0
176
     1
 40
1.0
176
     1
 40
1.0
176
     1
  0
VISUALSTYLE
  5
2C
102
{ACAD_REACTORS
330
29
102
}
330
29
100
AcDbVisualStyle
  2
Gouraud
 70
     2
177
     3
291
     1
 70
    58
 90
        2
176
     1
 90
        2
176
     1
 90
        1
176
     1
 90
        2
176
     1
 40
0.6
176
     1
 40
30.0
176
     1
 62
     7
420
 16777215
176
     1
 90
        0
176
     1
 90
        0
176
     1
 62
     7
176
     1
 62
   257
176
     1
 90
        1
176
     1
 90
        1
176
     1
 40
1.0
176
     1
 90
        0
176
     1
 62
     7
176
     1
 40
1.0
176
     1
 90
        1
176
     1
 90
        6
176
     1
 90
        2
176
     1
 62
     7
176
     1
 90
        5
176
     1
 90
        0
176
     1
 90
        0
176
     1
290
     0
176
     1
 90
       13
176
     1
 40
0.0
176
     1
 90
        0
176
     1
290
     0
176
     1
290
     1
176
     1
290
     1
176
     1
290
     0
176
     1
290
     0
176
     1
290
     0
176
     1
290
     0
176
     1
290
     0
176
     1
290
     0
176
     1
 90
       50
176
     1
 40
0.0
176
     1
 40
1.0
176
     1
 90
        0
176
     1
 62
    18
420
        0
176
     1
 90
       50
176
     1
 90
        3
176
     1
 62
     5
420
      255
176
     1
290
     0
176
     1
 90
       50
176
     1
 90
       50
176
     1
 90
       50
176
     1
290
     0
176
     1
 90
       50
176
     1
 62
   256
176
     0
 40
1.0
176
     0
 90
        2
176
     1
  1
strokes_ogs.tif
176
     1
290
     0
176
     1
 40
1.0
176
     1
 40
1.0
176
     1
  0
VISUALSTYLE
  5
2D
102
{ACAD_REACTORS
330
29
102
}
330
29
100
AcDbVisualStyle
  2
GouraudWithEdges
 70
     3
177
     3
291
     1
 70
    58
 90
        2
176
     1
 90
        2
176
     1
 90
        1
176
     1
 90
        2
176
     1
 40
0.6
176
     1
 40
30.0
176
     1
 62
     7
420
 16777215
176
     1
 90
        1
176
     1
 90
        0
176
     1
 62
     7
176
     1
 62
   257
176
     1
 90
        1
176
     1
 90
        1
176
     1
 40
1.0
176
     1
 90
        0
176
     1
 62
   257
176
     1
 40
1.0
176
     1
 90
        1
176
     1
 90
        6
176
     1
 90
        2
176
     1
 62
     7
176
     1
 90
        5
176
     1
 90
        0
176
     1
 90
        0
176
     1
290
     0
176
     1
 90
       13
176
     1
 40
0.0
176
     1
 90
        0
176
     1
290
     0
176
     1
290
     1
176
     1
290
     1
176
     1
290
     0
176
     1
290
     0
176
     1
290
     0
176
     1
290
     0
176
     1
290
     0
176
     1
290
     0
176
     1
 90
       50
176
     1
 40
0.0
176
     1
 40
1.0
176
     1
 90
        0
176
     1
 62
    18
420
        0
176
     1
 90
       50
176
     1
 90
        3
176
     1
 62
     5
420
      255
176
     1
290
     0
176
     1
 90
       50
176
     1
 90
       50
176
     1
 90
       50
176
     1
290
     0
176
     1
 90
       50
176
     1
 62
   256
176
     0
 40
1.0
176
     0
 90
        2
176
     1
  1
strokes_ogs.tif
176
     1
290
     0
176
     1
 40
1.0
176
     1
 40
1.0
176
     1
  0
VISUALSTYLE
  5
31
102
{ACAD_REACTORS
330
29
102
}
330
29
100
AcDbVisualStyle
  2
Hidden
 70
     6
177
     3
291
     0
 70
    58
 90
        1
176
     1
 90
        2
176
     1
 90
        2
176
     1
 90
        0
176
     1
 40
0.6
176
     1
 40
30.0
176
     1
 62
     7
420
 16777215
176
     1
 90
        2
176
     1
 90
        2
176
     1
 62
     7
176
     1
 62
   257
176
     1
 90
        2
176
     1
 90
        1
176
     1
 40
40.0
176
     1
 90
        0
176
     1
 62
   257
176
     1
 40
1.0
176
     1
 90
        1
176
     1
 90
        6
176
     1
 90
        2
176
     1
 62
     7
176
     1
 90
        3
176
     1
 90
        0
176
     1
 90
        0
176
     1
290
     0
176
     1
 90
        1
176
     1
 40
0.0
176
     1
 90
        0
176
     1
290
     0
176
     1
290
     1
176
     1
290
     1
176
     1
290
     0
176
     1
290
     0
176
     1
290
     0
176
     1
290
     0
176
     1
290
     0
176
     1
290
     0
176
     1
 90
       50
176
     1
 40
0.0
176
     1
 40
1.0
176
     1
 90
        0
176
     1
 62
    18
420
        0
176
     1
 90
       50
176
     1
 90
        3
176
     1
 62
     5
420
      255
176
     1
290
     0
176
     1
 90
       50
176
     1
 90
       50
176
     1
 90
       50
176
     1
290
     0
176
     1
 90
       50
176
     1
 62
   256
176
     0
 40
1.0
176
     0
 90
        2
176
     1
  1
strokes_ogs.tif
176
     1
290
     0
176
     1
 40
1.0
176
     1
 40
1.0
176
     1
  0
VISUALSTYLE
  5
3F
102
{ACAD_REACTORS
330
29
102
}
330
29
100
AcDbVisualStyle
  2
JitterOff
 70
    20
177
     3
291
     1
 70
    58
 90
        2
176
     0
 90
        2
176
     0
 90
        0
176
     0
 90
        0
176
     0
 40
0.6
176
     0
 40
30.0
176
     0
 62
     7
420
 16777215
176
     0
 90
        1
176
     0
 90
        4
176
     0
 62
     7
176
     0
 62
   257
176
     0
 90
        1
176
     0
 90
        1
176
     0
 40
1.0
176
     0
 90
       10
176
     2
 62
     7
176
     0
 40
1.0
176
     0
 90
        1
176
     0
 90
        6
176
     0
 90
        2
176
     0
 62
     7
176
     0
 90
        5
176
     0
 90
        0
176
     0
 90
        0
176
     0
290
     0
176
     0
 90
        1
176
     0
 40
0.0
176
     0
 90
        0
176
     0
290
     0
176
     1
290
     1
176
     1
290
     1
176
     1
290
     0
176
     1
290
     0
176
     1
290
     0
176
     1
290
     0
176
     1
290
     0
176
     1
290
     0
176
     1
 90
       50
176
     0
 40
0.0
176
     0
 40
1.0
176
     0
 90
        0
176
     0
 62
    18
420
        0
176
     0
 90
       50
176
     0
 90
        3
176
     0
 62
     5
420
      255
176
     0
290
     0
176
     1
 90
       50
176
     0
 90
       50
176
     0
 90
       50
176
     0
290
     0
176
     1
 90
       50
176
     0
 62
   256
176
     0
 40
1.0
176
     0
 90
        2
176
     0
  1
strokes_ogs.tif
176
     0
290
     0
176
     1
 40
1.0
176
     0
 40
1.0
176
     0
  0
VISUALSTYLE
  5
37
102
{ACAD_REACTORS
330
29
102
}
330
29
100
AcDbVisualStyle
  2
Linepattern
 70
    14
177
     3
291
     1
 70
    58
 90
        2
176
     1
 90
        2
176
     1
 90
        0
176
     1
 90
        0
176
     1
 40
0.6
176
     1
 40
30.0
176
     1
 62
     7
420
 16777215
176
     1
 90
        1
176
     1
 90
        4
176
     1
 62
     7
176
     1
 62
   257
176
     1
 90
        7
176
     1
 90
        7
176
     1
 40
1.0
176
     1
 90
        8
176
     1
 62
     7
176
     1
 40
1.0
176
     1
 90
        1
176
     1
 90
        6
176
     1
 90
        2
176
     1
 62
     7
176
     1
 90
        5
176
     1
 90
        0
176
     1
 90
        0
176
     1
290
     0
176
     1
 90
        1
176
     1
 40
0.0
176
     1
 90
        0
176
     1
290
     0
176
     1
290
     1
176
     1
290
     1
176
     1
290
     0
176
     1
290
     0
176
     1
290
     0
176
     1
290
     0
176
     1
290
     0
176
     1
290
     0
176
     1
 90
       50
176
     1
 40
0.0
176
     1
 40
1.0
176
     1
 90
        0
176
     1
 62
    18
420
        0
176
     1
 90
       50
176
     1
 90
        3
176
     1
 62
     5
420
      255
176
     1
290
     0
176
     1
 90
       50
176
     1
 90
       50
176
     1
 90
       50
176
     1
290
     0
176
     1
 90
       50
176
     1
 62
   256
176
     0
 40
1.0
176
     0
 90
        2
176
     1
  1
strokes_ogs.tif
176
     1
290
     0
176
     1
 40
1.0
176
     1
 40
1.0
176
     1
  0
VISUALSTYLE
  5
40
102
{ACAD_REACTORS
330
29
102
}
330
29
100
AcDbVisualStyle
  2
OverhangOff
 70
    21
177
     3
291
     1
 70
    58
 90
        2
176
     0
 90
        2
176
     0
 90
        0
176
     0
 90
        0
176
     0
 40
0.6
176
     0
 40
30.0
176
     0
 62
     7
420
 16777215
176
     0
 90
        1
176
     0
 90
        4
176
     0
 62
     7
176
     0
 62
   257
176
     0
 90
        1
176
     0
 90
        1
176
     0
 40
1.0
176
     0
 90
        9
176
     2
 62
     7
176
     0
 40
1.0
176
     0
 90
        1
176
     0
 90
        6
176
     0
 90
        2
176
     0
 62
     7
176
     0
 90
        5
176
     0
 90
        0
176
     0
 90
        0
176
     0
290
     0
176
     0
 90
        1
176
     0
 40
0.0
176
     0
 90
        0
176
     0
290
     0
176
     1
290
     1
176
     1
290
     1
176
     1
290
     0
176
     1
290
     0
176
     1
290
     0
176
     1
290
     0
176
     1
290
     0
176
     1
290
     0
176
     1
 90
       50
176
     0
 40
0.0
176
     0
 40
1.0
176
     0
 90
        0
176
     0
 62
    18
420
        0
176
     0
 90
       50
176
     0
 90
        3
176
     0
 62
     5
420
      255
176
     0
290
     0
176
     1
 90
       50
176
     0
 90
       50
176
     0
 90
       50
176
     0
290
     0
176
     1
 90
       50
176
     0
 62
   256
176
     0
 40
1.0
176
     0
 90
        2
176
     0
  1
strokes_ogs.tif
176
     0
290
     0
176
     1
 40
1.0
176
     0
 40
1.0
176
     0
  0
VISUALSTYLE
  5
33
102
{ACAD_REACTORS
330
29
102
}
330
29
100
AcDbVisualStyle
  2
Realistic
 70
     8
177
     3
291
     0
 70
    58
 90
        2
176
     1
 90
        3
176
     1
 90
        0
176
     1
 90
        2
176
     1
 40
0.6
176
     1
 40
30.0
176
     1
 62
     7
420
 16777215
176
     1
 90
        0
176
     1
 90
        0
176
     1
 62
     7
176
     1
 62
   257
176
     1
 90
        1
176
     1
 90
        1
176
     1
 40
1.0
176
     1
 90
        8
176
     1
 62
   257
176
     1
 40
1.0
176
     1
 90
        1
176
     1
 90
        6
176
     1
 90
        2
176
     1
 62
     7
176
     1
 90
        3
176
     1
 90
        0
176
     1
 90
        0
176
     1
290
     0
176
     1
 90
       13
176
     1
 40
0.0
176
     1
 90
        0
176
     1
290
     0
176
     1
290
     1
176
     1
290
     1
176
     1
290
     0
176
     1
290
     0
176
     1
290
     0
176
     1
290
     0
176
     1
290
     0
176
     1
290
     0
176
     1
 90
       50
176
     1
 40
0.0
176
     1
 40
1.0
176
     1
 90
        0
176
     1
 62
    18
420
        0
176
     1
 90
       50
176
     1
 90
        3
176
     1
 62
     5
420
      255
176
     1
290
     0
176
     1
 90
       50
176
     1
 90
       50
176
     1
 90
       50
176
     1
290
     0
176
     1
 90
       50
176
     1
 62
   256
176
     0
 40
1.0
176
     0
 90
        2
176
     1
  1
strokes_ogs.tif
176
     1
290
     0
176
     1
 40
1.0
176
     1
 40
1.0
176
     1
  0
VISUALSTYLE
  5
3E
102
{ACAD_REACTORS
330
29
102
}
330
29
100
AcDbVisualStyle
  2
Shaded
 70
    27
177
     3
291
     0
 70
    58
 90
        2
176
     1
 90
        2
176
     1
 90
        1
176
     1
 90
        2
176
     1
 40
0.6
176
     1
 40
30.0
176
     1
 62
     7
420
 16777215
176
     1
 90
        0
176
     1
 90
        4
176
     1
 62
     7
176
     1
 62
   257
176
     1
 90
        1
176
     1
 90
        1
176
     1
 40
1.0
176
     1
 90
        8
176
     1
 62
   257
176
     1
 40
1.0
176
     1
 90
        1
176
     1
 90
        6
176
     1
 90
        2
176
     1
 62
     8
420
  7895160
176
     1
 90
        3
176
     1
 90
        0
176
     1
 90
        0
176
     1
290
     0
176
     1
 90
        5
176
     1
 40
0.0
176
     1
 90
        0
176
     1
290
     0
176
     1
290
     1
176
     1
290
     1
176
     1
290
     0
176
     1
290
     0
176
     1
290
     0
176
     1
290
     0
176
     1
290
     0
176
     1
290
     0
176
     1
 90
       50
176
     1
 40
0.0
176
     1
 40
1.0
176
     1
 90
        0
176
     1
 62
    18
420
        0
176
     1
 90
       50
176
     1
 90
        3
176
     1
 62
     5
420
      255
176
     1
290
     0
176
     1
 90
       50
176
     1
 90
       50
176
     1
 90
       50
176
     1
290
     0
176
     1
 90
       50
176
     1
 62
   256
176
     0
 40
1.0
176
     0
 90
        2
176
     1
  1
strokes_ogs.tif
176
     1
290
     0
176
     1
 40
1.0
176
     1
 40
1.0
176
     1
  0
VISUALSTYLE
  5
3D
102
{ACAD_REACTORS
330
29
102
}
330
29
100
AcDbVisualStyle
  2
Shaded with edges
 70
    26
177
     3
291
     0
 70
    58
 90
        2
176
     1
 90
        2
176
     1
 90
        1
176
     1
 90
        2
176
     1
 40
0.6
176
     1
 40
30.0
176
     1
 62
     7
420
 16777215
176
     1
 90
        1
176
     1
 90
        2
176
     1
 62
     7
176
     1
 62
   257
176
     1
 90
        2
176
     1
 90
        1
176
     1
 40
1.0
176
     1
 90
        8
176
     1
 62
   257
176
     1
 40
1.0
176
     1
 90
        1
176
     1
 90
        6
176
     1
 90
        2
176
     1
 62
     7
176
     1
 90
        3
176
     1
 90
        0
176
     1
 90
        0
176
     1
290
     0
176
     1
 90
        5
176
     1
 40
0.0
176
     1
 90
        0
176
     1
290
     0
176
     1
290
     1
176
     1
290
     1
176
     1
290
     0
176
     1
290
     0
176
     1
290
     0
176
     1
290
     0
176
     1
290
     0
176
     1
290
     0
176
     1
 90
       50
176
     1
 40
0.0
176
     1
 40
1.0
176
     1
 90
        0
176
     1
 62
    18
420
        0
176
     1
 90
       50
176
     1
 90
        3
176
     1
 62
     5
420
      255
176
     1
290
     0
176
     1
 90
       50
176
     1
 90
       50
176
     1
 90
       50
176
     1
290
     0
176
     1
 90
       50
176
     1
 62
   256
176
     0
 40
1.0
176
     0
 90
        2
176
     1
  1
strokes_ogs.tif
176
     1
290
     0
176
     1
 40
1.0
176
     1
 40
1.0
176
     1
  0
VISUALSTYLE
  5
3A
102
{ACAD_REACTORS
330
29
102
}
330
29
100
AcDbVisualStyle
  2
Shades of Gray
 70
    23
177
     3
291
     0
 70
    58
 90
        2
176
     1
 90
        2
176
     1
 90
        3
176
     1
 90
        0
176
     1
 40
0.6
176
     1
 40
30.0
176
     1
 62
     7
420
 16777215
176
     1
 90
        2
176
     1
 90
        2
176
     1
 62
     7
176
     1
 62
     7
176
     1
 90
        1
176
     1
 90
        1
176
     1
 40
40.0
176
     1
 90
        8
176
     1
 62
     7
176
     1
 40
1.0
176
     1
 90
        1
176
     1
 90
        6
176
     1
 90
        2
176
     1
 62
     7
176
     1
 90
        3
176
     1
 90
        0
176
     1
 90
        0
176
     1
290
     0
176
     1
 90
        1
176
     1
 40
0.0
176
     1
 90
        0
176
     1
290
     0
176
     1
290
     1
176
     1
290
     1
176
     1
290
     0
176
     1
290
     0
176
     1
290
     0
176
     1
290
     0
176
     1
290
     0
176
     1
290
     0
176
     1
 90
       50
176
     1
 40
0.0
176
     1
 40
1.0
176
     1
 90
        0
176
     1
 62
    18
420
        0
176
     1
 90
       50
176
     1
 90
        3
176
     1
 62
     5
420
      255
176
     1
290
     0
176
     1
 90
       50
176
     1
 90
       50
176
     1
 90
       50
176
     1
290
     0
176
     1
 90
       50
176
     1
 62
   256
176
     0
 40
1.0
176
     0
 90
        2
176
     1
  1
strokes_ogs.tif
176
     1
290
     0
176
     1
 40
1.0
176
     1
 40
1.0
176
     1
  0
VISUALSTYLE
  5
3B
102
{ACAD_REACTORS
330
29
102
}
330
29
100
AcDbVisualStyle
  2
Sketchy
 70
    24
177
     3
291
     0
 70
    58
 90
        1
176
     1
 90
        2
176
     1
 90
        2
176
     1
 90
        0
176
     1
 40
0.6
176
     1
 40
30.0
176
     1
 62
     7
420
 16777215
176
     1
 90
        2
176
     1
 90
        2
176
     1
 62
     7
176
     1
 62
     7
176
     1
 90
        1
176
     1
 90
        1
176
     1
 40
40.0
176
     1
 90
       11
176
     1
 62
     7
176
     1
 40
1.0
176
     1
 90
        1
176
     1
 90
        6
176
     1
 90
        2
176
     1
 62
     7
176
     1
 90
        6
176
     1
 90
        0
176
     1
 90
        0
176
     1
290
     0
176
     1
 90
        1
176
     1
 40
0.0
176
     1
 90
        0
176
     1
290
     0
176
     1
290
     1
176
     1
290
     1
176
     1
290
     0
176
     1
290
     0
176
     1
290
     0
176
     1
290
     0
176
     1
290
     0
176
     1
290
     0
176
     1
 90
       50
176
     1
 40
0.0
176
     1
 40
1.0
176
     1
 90
        0
176
     1
 62
    18
420
        0
176
     1
 90
       50
176
     1
 90
        3
176
     1
 62
     5
420
      255
176
     1
290
     0
176
     1
 90
       50
176
     1
 90
       50
176
     1
 90
       50
176
     1
290
     0
176
     1
 90
       50
176
     1
 62
   256
176
     0
 40
1.0
176
     0
 90
        2
176
     1
  1
strokes_ogs.tif
176
     1
290
     0
176
     1
 40
1.0
176
     1
 40
1.0
176
     1
  0
VISUALSTYLE
  5
36
102
{ACAD_REACTORS
330
29
102
}
330
29
100
AcDbVisualStyle
  2
Thicken
 70
    13
177
     3
291
     1
 70
    58
 90
        2
176
     1
 90
        2
176
     1
 90
        0
176
     1
 90
        0
176
     1
 40
0.6
176
     1
 40
30.0
176
     1
 62
     7
420
 16777215
176
     1
 90
        1
176
     1
 90
        4
176
     1
 62
     7
176
     1
 62
   257
176
     1
 90
        1
176
     1
 90
        1
176
     1
 40
1.0
176
     1
 90
       12
176
     1
 62
     7
176
     1
 40
1.0
176
     1
 90
        1
176
     1
 90
        6
176
     1
 90
        2
176
     1
 62
     7
176
     1
 90
        5
176
     1
 90
        0
176
     1
 90
        0
176
     1
290
     0
176
     1
 90
        1
176
     1
 40
0.0
176
     1
 90
        0
176
     1
290
     0
176
     1
290
     1
176
     1
290
     1
176
     1
290
     0
176
     1
290
     0
176
     1
290
     0
176
     1
290
     0
176
     1
290
     0
176
     1
290
     0
176
     1
 90
       50
176
     1
 40
0.0
176
     1
 40
1.0
176
     1
 90
        0
176
     1
 62
    18
420
        0
176
     1
 90
       50
176
     1
 90
        3
176
     1
 62
     5
420
      255
176
     1
290
     0
176
     1
 90
       50
176
     1
 90
       50
176
     1
 90
       50
176
     1
290
     0
176
     1
 90
       50
176
     1
 62
   256
176
     0
 40
1.0
176
     0
 90
        2
176
     1
  1
strokes_ogs.tif
176
     1
290
     0
176
     1
 40
1.0
176
     1
 40
1.0
176
     1
  0
VISUALSTYLE
  5
30
102
{ACAD_REACTORS
330
29
102
}
330
29
100
AcDbVisualStyle
  2
Wireframe
 70
     5
177
     3
291
     0
 70
    58
 90
        0
176
     1
 90
        2
176
     1
 90
        0
176
     1
 90
        0
176
     1
 40
0.6
176
     1
 40
30.0
176
     1
 62
     7
420
 16777215
176
     1
 90
        1
176
     1
 90
        4
176
     1
 62
     7
176
     1
 62
   257
176
     1
 90
        1
176
     1
 90
        1
176
     1
 40
1.0
176
     1
 90
        0
176
     1
 62
   257
176
     1
 40
1.0
176
     1
 90
        1
176
     1
 90
        6
176
     1
 90
        2
176
     1
 62
     7
176
     1
 90
        3
176
     1
 90
        0
176
     1
 90
        0
176
     1
290
     0
176
     1
 90
        1
176
     1
 40
0.0
176
     1
 90
        0
176
     1
290
     0
176
     1
290
     1
176
     1
290
     1
176
     1
290
     0
176
     1
290
     0
176
     1
290
     0
176
     1
290
     0
176
     1
290
     0
176
     1
290
     0
176
     1
 90
       50
176
     1
 40
0.0
176
     1
 40
1.0
176
     1
 90
        0
176
     1
 62
    18
420
        0
176
     1
 90
       50
176
     1
 90
        3
176
     1
 62
     5
420
      255
176
     1
290
     0
176
     1
 90
       50
176
     1
 90
       50
176
     1
 90
       50
176
     1
290
     0
176
     1
 90
       50
176
     1
 62
   256
176
     0
 40
1.0
176
     0
 90
        2
176
     1
  1
strokes_ogs.tif
176
     1
290
     0
176
     1
 40
1.0
176
     1
 40
1.0
176
     1
  0
VISUALSTYLE
  5
3C
102
{ACAD_REACTORS
330
29
102
}
330
29
100
AcDbVisualStyle
  2
X-Ray
 70
    25
177
     3
291
     0
 70
    58
 90
        2
176
     1
 90
        2
176
     1
 90
        1
176
     1
 90
        1
176
     1
 40
0.5
176
     1
 40
30.0
176
     1
 62
     7
420
 16777215
176
     1
 90
        1
176
     1
 90
        0
176
     1
 62
     7
176
     1
 62
   257
176
     1
 90
        1
176
     1
 90
        1
176
     1
 40
1.0
176
     1
 90
        8
176
     1
 62
     7
176
     1
 40
1.0
176
     1
 90
        1
176
     1
 90
        6
176
     1
 90
        2
176
     1
 62
     7
176
     1
 90
        3
176
     1
 90
        0
176
     1
 90
        0
176
     1
290
     0
176
     1
 90
       13
176
     1
 40
0.0
176
     1
 90
        0
176
     1
290
     0
176
     1
290
     1
176
     1
290
     1
176
     1
290
     0
176
     1
290
     0
176
     1
290
     0
176
     1
290
     0
176
     1
290
     0
176
     1
290
     0
176
     1
 90
       50
176
     1
 40
0.0
176
     1
 40
1.0
176
     1
 90
        0
176
     1
 62
    18
420
        0
176
     1
 90
       50
176
     1
 90
        3
176
     1
 62
     5
420
      255
176
     1
290
     0
176
     1
 90
       50
176
     1
 90
       50
176
     1
 90
       50
176
     1
290
     0
176
     1
 90
       50
176
     1
 62
   256
176
     0
 40
1.0
176
     0
 90
        2
176
     1
  1
strokes_ogs.tif
176
     1
290
     0
176
     1
 40
1.0
176
     1
 40
1.0
176
     1
  0
DICTIONARYVAR
  5
18B3
102
{ACAD_REACTORS
330
1885
102
}
330
1885
100
DictionaryVariables
280
     0
  1
1:1
  0
DICTIONARYVAR
  5
18AF
102
{ACAD_REACTORS
330
1885
102
}
330
1885
100
DictionaryVariables
280
     0
  1
Standard
  0
DICTIONARYVAR
  5
18AE
102
{ACAD_REACTORS
330
1885
102
}
330
1885
100
DictionaryVariables
280
     0
  1
Standard
  0
DICTIONARYVAR
  5
18B0
102
{ACAD_REACTORS
330
1885
102
}
330
1885
100
DictionaryVariables
280
     0
  1
Imperial24
  0
DICTIONARYVAR
  5
18B1
102
{ACAD_REACTORS
330
1885
102
}
330
1885
100
DictionaryVariables
280
     0
  1
Imperial24
  0
DICTIONARYVAR
  5
18B5
102
{ACAD_REACTORS
330
1885
102
}
330
1885
100
DictionaryVariables
280
     0
  1
1
  0
DICTIONARYVAR
  5
18B6
102
{ACAD_REACTORS
330
1885
102
}
330
1885
100
DictionaryVariables
280
     0
  1
15
  0
DICTIONARYVAR
  5
18B4
102
{ACAD_REACTORS
330
1885
102
}
330
1885
100
DictionaryVariables
280
     0
  1
0
  0
DICTIONARYVAR
  5
18B2
102
{ACAD_REACTORS
330
1885
102
}
330
1885
100
DictionaryVariables
280
     0
  1
0
  0
DICTIONARY
  5
18B7
330
6A
100
AcDbDictionary
280
     1
281
     1
  3
ACAD_XREC_ROUNDTRIP
360
18B8
  0
DICTIONARY
  5
18B9
330
68
100
AcDbDictionary
280
     1
281
     1
  3
ACAD_XREC_ROUNDTRIP
360
18BA
  0
DICTIONARY
  5
18BB
330
64
100
AcDbDictionary
280
     1
281
     1
  3
ACAD_ROUNDTRIP_2008_TABLESTYLE_CELLSTYLEMAP
360
18BC
  0
XRECORD
  5
18B8
102
{ACAD_REACTORS
330
18B7
102
}
330
18B7
100
AcDbXrecord
280
     1
102
DISPLAYNAME
  1
Imperial24
102
FLAGS
 90
        0
  0
XRECORD
  5
18BA
102
{ACAD_REACTORS
330
18B9
102
}
330
18B9
100
AcDbXrecord
280
     1
102
DISPLAYNAME
  1
Imperial24
102
FLAGS
 90
        0
  0
CELLSTYLEMAP
  5
18BC
102
{ACAD_REACTORS
330
18BB
102
}
330
18BB
100
AcDbCellStyleMap
 90
        3
300
CELLSTYLE
  1
TABLEFORMAT_BEGIN
 90
        5
170
     1
 91
        0
 92
    32768
 62
   257
 93
        1
300
CONTENTFORMAT
  1
CONTENTFORMAT_BEGIN
 90
        0
 91
        0
 92
      512
 93
        0
300

 40
0.0
140
1.0
 94
        5
 62
     0
340
55
144
0.25
309
CONTENTFORMAT_END
171
     0
 94
        0
309
TABLEFORMAT_END
  1
CELLSTYLE_BEGIN
 90
        1
 91
        1
300
_TITLE
309
CELLSTYLE_END
300
CELLSTYLE
  1
TABLEFORMAT_BEGIN
 90
        5
170
     1
 91
        0
 92
        0
 62
   257
 93
        1
300
CONTENTFORMAT
  1
CONTENTFORMAT_BEGIN
 90
        0
 91
        0
 92
      512
 93
        0
300

 40
0.0
140
1.0
 94
        5
 62
     0
340
55
144
0.18
309
CONTENTFORMAT_END
171
     0
 94
        0
309
TABLEFORMAT_END
  1
CELLSTYLE_BEGIN
 90
        2
 91
        1
300
_HEADER
309
CELLSTYLE_END
300
CELLSTYLE
  1
TABLEFORMAT_BEGIN
 90
        5
170
     1
 91
        0
 92
        0
 62
   257
 93
        1
300
CONTENTFORMAT
  1
CONTENTFORMAT_BEGIN
 90
        0
 91
        0
 92
      512
 93
        0
300

 40
0.0
140
1.0
 94
        2
 62
     0
340
55
144
0.18
309
CONTENTFORMAT_END
171
     0
 94
        0
309
TABLEFORMAT_END
  1
CELLSTYLE_BEGIN
 90
        3
 91
        2
300
_DATA
309
CELLSTYLE_END
  0
ENDSEC
  0
EOF
